ID,fixed acidity,volatile acidity,citric acid,residual sugar,chlorides,free sulfur dioxide,total sulfur dioxide,density,pH,sulphates,alcohol,label
train0001,7.2,0.53,0.14,2.1,0.064,15,29,0.99323,3.35,0.61,12.1,1
train0002,7.2,0.57,0.05,2.3,0.081,16,36,0.99564,3.38,0.6,10.3,1
train0003,8.8,0.61,0.3,2.8,0.088,17,46,0.9976,3.26,0.51,9.3,0
train0004,6.7,0.46,0.24,1.7,0.077,18,34,0.9948,3.39,0.6,10.6,1
train0005,10.5,0.24,0.47,2.1,0.066,6,24,0.9978,3.15,0.9,11,1
train0006,7.2,0.67,0,2.2,0.068,10,24,0.9956,3.42,0.72,11.1,1
train0007,10.7,0.43,0.39,2.2,0.106,8,32,0.9986,2.89,0.5,9.6,0
train0008,7,0.43,0.3,2,0.085,6,39,0.99346,3.33,0.46,11.9,1
train0009,7.1,0.36,0.3,1.6,0.08,35,70,0.99693,3.44,0.5,9.4,0
train0010,15,0.21,0.44,2.2,0.075,10,24,1.00005,3.07,0.84,9.2,1
train0011,10.3,0.34,0.52,2.8,0.159,15,75,0.9998,3.18,0.64,9.4,0
train0012,7.8,0.53,0.01,1.6,0.077,3,19,0.995,3.16,0.46,9.8,0
train0013,8,0.77,0.32,2.1,0.079,16,74,0.99656,3.27,0.5,9.8,1
train0014,9.5,0.37,0.52,2,0.082,6,26,0.998,3.18,0.51,9.5,0
train0015,11,0.26,0.68,2.55,0.085,10,25,0.997,3.18,0.61,11.8,0
train0016,9,0.58,0.25,2.8,0.075,9,104,0.99779,3.23,0.57,9.7,0
train0017,6.6,0.735,0.02,7.9,0.122,68,124,0.9994,3.47,0.53,9.9,0
train0018,5.3,0.57,0.01,1.7,0.054,5,27,0.9934,3.57,0.84,12.5,1
train0019,6.4,0.79,0.04,2.2,0.061,11,17,0.99588,3.53,0.65,10.4,1
train0020,9.9,0.35,0.41,2.3,0.083,11,61,0.9982,3.21,0.5,9.5,0
train0021,7.4,0.635,0.1,2.4,0.08,16,33,0.99736,3.58,0.69,10.8,1
train0022,6.3,0.39,0.16,1.4,0.08,11,23,0.9955,3.34,0.56,9.3,0
train0023,8.6,0.49,0.29,2,0.11,19,133,0.9972,2.93,1.98,9.8,0
train0024,6.6,0.52,0.04,2.2,0.069,8,15,0.9956,3.4,0.63,9.4,1
train0025,10.8,0.45,0.33,2.5,0.099,20,38,0.99818,3.24,0.71,10.8,0
train0026,10.4,0.52,0.45,2,0.08,6,13,0.99774,3.22,0.76,11.4,1
train0027,7.2,0.34,0.32,2.5,0.09,43,113,0.9966,3.32,0.79,11.1,0
train0028,10,0.35,0.45,2.5,0.092,20,88,0.99918,3.15,0.43,9.4,0
train0029,6.2,0.46,0.17,1.6,0.073,7,11,0.99425,3.61,0.54,11.4,0
train0030,7.7,0.835,0,2.6,0.081,6,14,0.9975,3.3,0.52,9.3,0
train0031,6.9,0.635,0.17,2.4,0.241,6,18,0.9961,3.4,0.59,10.3,1
train0032,9,0.46,0.23,2.8,0.092,28,104,0.9983,3.1,0.56,9.2,0
train0033,6.9,0.36,0.25,2.4,0.098,5,16,0.9964,3.41,0.6,10.1,1
train0034,9.5,0.735,0.1,2.1,0.079,6,31,0.9986,3.23,0.56,10.1,1
train0035,7.3,0.74,0.08,1.7,0.094,10,45,0.99576,3.24,0.5,9.8,0
train0036,8.1,0.38,0.48,1.8,0.157,5,17,0.9976,3.3,1.05,9.4,0
train0037,7.6,0.43,0.29,2.1,0.075,19,66,0.99718,3.4,0.64,9.5,0
train0038,6.4,0.31,0.09,1.4,0.066,15,28,0.99459,3.42,0.7,10,1
train0039,7.2,0.45,0.15,2,0.078,10,28,0.99609,3.29,0.51,9.9,1
train0040,9.8,0.34,0.39,1.4,0.066,3,7,0.9947,3.19,0.55,11.4,1
train0041,8.9,0.565,0.34,3,0.093,16,112,0.9998,3.38,0.61,9.5,0
train0042,8,0.28,0.44,1.8,0.081,28,68,0.99501,3.36,0.66,11.2,0
train0043,7.5,0.51,0.02,1.7,0.084,13,31,0.99538,3.36,0.54,10.5,1
train0044,7.4,0.49,0.27,2.1,0.071,14,25,0.99388,3.35,0.63,12,1
train0045,7,0.51,0.09,2.1,0.062,4,9,0.99584,3.35,0.54,10.5,0
train0046,8.6,0.645,0.25,2,0.083,8,28,0.99815,3.28,0.6,10,1
train0047,8.2,1.33,0,1.7,0.081,3,12,0.9964,3.53,0.49,10.9,0
train0048,9.1,0.76,0.68,1.7,0.414,18,64,0.99652,2.9,1.33,9.1,1
train0049,8.6,0.22,0.36,1.9,0.064,53,77,0.99604,3.47,0.87,11,1
train0050,7.2,0.36,0.46,2.1,0.074,24,44,0.99534,3.4,0.85,11,1
train0051,9.9,0.53,0.57,2.4,0.093,30,52,0.9971,3.19,0.76,11.6,1
train0052,6.6,0.88,0.04,2.2,0.066,12,20,0.99636,3.53,0.56,9.9,0
train0053,7.2,0.5,0.18,2.1,0.071,12,31,0.99761,3.52,0.72,9.6,1
train0054,5.6,0.66,0,2.5,0.066,7,15,0.99256,3.52,0.58,12.9,0
train0055,7.2,1,0,3,0.102,7,16,0.99586,3.43,0.46,10,0
train0056,5.7,0.6,0,1.4,0.063,11,18,0.99191,3.45,0.56,12.2,1
train0057,8.7,0.69,0.31,3,0.086,23,81,1.0002,3.48,0.74,11.6,1
train0058,7.2,0.52,0.07,1.4,0.074,5,20,0.9973,3.32,0.81,9.6,1
train0059,8.3,0.26,0.42,2,0.08,11,27,0.9974,3.21,0.8,9.4,1
train0060,7.6,0.79,0.21,2.3,0.087,21,68,0.9955,3.12,0.44,9.2,0
train0061,5.6,0.5,0.09,2.3,0.049,17,99,0.9937,3.63,0.63,13,0
train0062,10,0.42,0.5,3.4,0.107,7,21,0.9979,3.26,0.93,11.8,1
train0063,7.8,0.64,0.1,6,0.115,5,11,0.9984,3.37,0.69,10.1,1
train0064,6,0.54,0.06,1.8,0.05,38,89,0.99236,3.3,0.5,10.55,1
train0065,6.8,0.91,0.06,2,0.06,4,11,0.99592,3.53,0.64,10.9,0
train0066,8,0.45,0.23,2.2,0.094,16,29,0.9962,3.21,0.49,10.2,1
train0067,10,0.59,0.31,2.2,0.09,26,62,0.9994,3.18,0.63,10.2,1
train0068,6.4,0.885,0,2.3,0.166,6,12,0.99551,3.56,0.51,10.8,0
train0069,7.4,0.41,0.24,1.8,0.066,18,47,0.9956,3.37,0.62,10.4,0
train0070,9.2,0.41,0.5,2.5,0.055,12,25,0.9952,3.34,0.79,13.3,1
train0071,7,0.56,0.13,1.6,0.077,25,42,0.99629,3.34,0.59,9.2,0
train0072,9.8,0.45,0.38,2.5,0.081,34,66,0.99726,3.15,0.58,9.8,0
train0073,8.6,0.33,0.4,2.6,0.083,16,68,0.99782,3.3,0.48,9.4,0
train0074,6.4,0.69,0,1.65,0.055,7,12,0.99162,3.47,0.53,12.9,1
train0075,8.3,0.26,0.37,1.4,0.076,8,23,0.9974,3.26,0.7,9.6,1
train0076,7.2,0.63,0,1.9,0.097,14,38,0.99675,3.37,0.58,9,1
train0077,10,0.43,0.33,2.7,0.095,28,89,0.9984,3.22,0.68,10,0
train0078,8.2,0.26,0.34,2.5,0.073,16,47,0.99594,3.4,0.78,11.3,1
train0079,8.5,0.47,0.27,1.9,0.058,18,38,0.99518,3.16,0.85,11.1,1
train0080,7.3,0.835,0.03,2.1,0.092,10,19,0.9966,3.39,0.47,9.6,0
train0081,7.5,0.61,0.2,1.7,0.076,36,60,0.99494,3.1,0.4,9.3,0
train0082,10.1,0.28,0.46,1.8,0.05,5,13,0.9974,3.04,0.79,10.2,1
train0083,7.1,0.75,0.01,2.2,0.059,11,18,0.99242,3.39,0.4,12.8,1
train0084,8.2,0.885,0.2,1.4,0.086,7,31,0.9946,3.11,0.46,10,0
train0085,7.5,0.5,0.36,6.1,0.071,17,102,0.9978,3.35,0.8,10.5,0
train0086,13.2,0.46,0.52,2.2,0.071,12,35,1.0006,3.1,0.56,9,1
train0087,8.8,0.31,0.4,2.8,0.109,7,16,0.99614,3.31,0.79,11.8,1
train0088,10.2,0.44,0.58,4.1,0.092,11,24,0.99745,3.29,0.99,12,1
train0089,6.4,0.4,0.23,1.6,0.066,5,12,0.9958,3.34,0.56,9.2,0
train0090,7,0.6,0.12,2.2,0.083,13,28,0.9966,3.52,0.62,10.2,1
train0091,8.4,0.745,0.11,1.9,0.09,16,63,0.9965,3.19,0.82,9.6,0
train0092,7.5,0.63,0.12,5.1,0.111,50,110,0.9983,3.26,0.77,9.4,0
train0093,8.6,0.685,0.1,1.6,0.092,3,12,0.99745,3.31,0.65,9.55,1
train0094,8,0.745,0.56,2,0.118,30,134,0.9968,3.24,0.66,9.4,0
train0095,5.9,0.29,0.25,13.4,0.067,72,160,0.99721,3.33,0.54,10.3,1
train0096,6.7,0.28,0.28,2.4,0.012,36,100,0.99064,3.26,0.39,11.7,1
train0097,6,0.5,0,1.4,0.057,15,26,0.99448,3.36,0.45,9.5,0
train0098,7.5,1.115,0.1,3.1,0.086,5,12,0.9958,3.54,0.6,11.2,0
train0099,9.7,0.32,0.54,2.5,0.094,28,83,0.9984,3.28,0.82,9.6,0
train0100,8,0.18,0.37,0.9,0.049,36,109,0.99007,2.89,0.44,12.7,1
train0101,7.8,0.5,0.3,1.9,0.075,8,22,0.9959,3.31,0.56,10.4,1
train0102,7.3,0.48,0.32,2.1,0.062,31,54,0.99728,3.3,0.65,10,1
train0103,7.5,0.77,0.2,8.1,0.098,30,92,0.99892,3.2,0.58,9.2,0
train0104,9.4,0.5,0.34,3.6,0.082,5,14,0.9987,3.29,0.52,10.7,1
train0105,5.8,0.68,0.02,1.8,0.087,21,94,0.9944,3.54,0.52,10,0
train0106,7.5,0.77,0.2,8.1,0.098,30,92,0.99892,3.2,0.58,9.2,0
train0107,8.8,0.3,0.38,2.3,0.06,19,72,0.99543,3.39,0.72,11.8,1
train0108,6,0.42,0.19,2,0.075,22,47,0.99522,3.39,0.78,10,1
train0109,6.8,0.66,0.07,1.6,0.07,16,61,0.99572,3.29,0.6,9.3,0
train0110,7.1,0.52,0.03,2.6,0.076,21,92,0.99745,3.5,0.6,9.8,0
train0111,6.7,0.7,0.08,3.75,0.067,8,16,0.99334,3.43,0.52,12.6,0
train0112,7,0.69,0.08,1.8,0.097,22,89,0.9959,3.34,0.54,9.2,1
train0113,9.9,0.35,0.41,2.3,0.083,11,61,0.9982,3.21,0.5,9.5,0
train0114,8,0.18,0.37,0.9,0.049,36,109,0.99007,2.89,0.44,12.7,1
train0115,8.9,0.59,0.5,2,0.337,27,81,0.9964,3.04,1.61,9.5,1
train0116,9.1,0.795,0,2.6,0.096,11,26,0.9994,3.35,0.83,9.4,1
train0117,8.3,0.6,0.25,2.2,0.118,9,38,0.99616,3.15,0.53,9.8,0
train0118,13.2,0.38,0.55,2.7,0.081,5,16,1.0006,2.98,0.54,9.4,0
train0119,7.1,0.61,0.02,2.5,0.081,17,87,0.99745,3.48,0.6,9.7,1
train0120,6.9,0.63,0.01,2.4,0.076,14,39,0.99522,3.34,0.53,10.8,1
train0121,8.3,0.78,0.1,2.6,0.081,45,87,0.9983,3.48,0.53,10,0
train0122,7.7,0.665,0,2.4,0.09,8,19,0.9974,3.27,0.73,9.3,0
train0123,6,0.5,0,1.4,0.057,15,26,0.99448,3.36,0.45,9.5,0
train0124,7.7,0.28,0.3,2,0.062,18,34,0.9952,3.28,0.9,11.3,1
train0125,9.3,0.715,0.24,2.1,0.07,5,20,0.9966,3.12,0.59,9.9,0
train0126,6.6,0.58,0,2.2,0.1,50,63,0.99544,3.59,0.68,11.4,1
train0127,6.1,0.715,0.1,2.6,0.053,13,27,0.99362,3.57,0.5,11.9,0
train0128,9.3,0.775,0.27,2.8,0.078,24,56,0.9984,3.31,0.67,10.6,1
train0129,9.6,0.32,0.47,1.4,0.056,9,24,0.99695,3.22,0.82,10.3,1
train0130,9,0.82,0.05,2.4,0.081,26,96,0.99814,3.36,0.53,10,0
train0131,10.6,0.42,0.48,2.7,0.065,5,18,0.9972,3.21,0.87,11.3,1
train0132,7.2,0.49,0.24,2.2,0.07,5,36,0.996,3.33,0.48,9.4,0
train0133,6.7,0.64,0.23,2.1,0.08,11,119,0.99538,3.36,0.7,10.9,0
train0134,13,0.47,0.49,4.3,0.085,6,47,1.0021,3.3,0.68,12.7,1
train0135,6.2,0.39,0.43,2,0.071,14,24,0.99428,3.45,0.87,11.2,1
train0136,9.3,0.41,0.39,2.2,0.064,12,31,0.9984,3.26,0.65,10.2,0
train0137,8,0.42,0.17,2,0.073,6,18,0.9972,3.29,0.61,9.2,1
train0138,10.5,0.24,0.42,1.8,0.077,6,22,0.9976,3.21,1.05,10.8,1
train0139,6.9,0.74,0.03,2.3,0.054,7,16,0.99508,3.45,0.63,11.5,1
train0140,5.4,0.42,0.27,2,0.092,23,55,0.99471,3.78,0.64,12.3,1
train0141,10.9,0.53,0.49,4.6,0.118,10,17,1.0002,3.07,0.56,11.7,1
train0142,7.2,0.415,0.36,2,0.081,13,45,0.9972,3.48,0.64,9.2,0
train0143,7.5,0.31,0.41,2.4,0.065,34,60,0.99492,3.34,0.85,11.4,1
train0144,7.3,0.695,0,2.5,0.075,3,13,0.998,3.49,0.52,9.2,0
train0145,6.4,0.36,0.53,2.2,0.23,19,35,0.9934,3.37,0.93,12.4,1
train0146,8.2,0.64,0.27,2,0.095,5,77,0.99747,3.13,0.62,9.1,1
train0147,7.3,0.73,0.24,1.9,0.108,18,102,0.9967,3.26,0.59,9.3,0
train0148,7.1,0.43,0.42,5.5,0.071,28,128,0.9973,3.42,0.71,10.5,0
train0149,6.6,0.725,0.09,5.5,0.117,9,17,0.99655,3.35,0.49,10.8,1
train0150,8.9,0.48,0.53,4,0.101,3,10,0.99586,3.21,0.59,12.1,1
train0151,10.6,0.34,0.49,3.2,0.078,20,78,0.9992,3.19,0.7,10,1
train0152,7.9,0.3,0.68,8.3,0.05,37.5,289,0.99316,3.01,0.51,12.3,1
train0153,8,0.725,0.24,2.8,0.083,10,62,0.99685,3.35,0.56,10,1
train0154,9.6,0.41,0.37,2.3,0.091,10,23,0.99786,3.24,0.56,10.5,0
train0155,8,0.6,0.22,2.1,0.08,25,105,0.99613,3.3,0.49,9.9,0
train0156,8,0.43,0.36,2.3,0.075,10,48,0.9976,3.34,0.46,9.4,0
train0157,8.9,0.28,0.45,1.7,0.067,7,12,0.99354,3.25,0.55,12.3,1
train0158,8.3,0.26,0.42,2,0.08,11,27,0.9974,3.21,0.8,9.4,1
train0159,7.5,0.755,0,1.9,0.084,6,12,0.99672,3.34,0.49,9.7,0
train0160,6.2,0.64,0.09,2.5,0.081,15,26,0.99538,3.57,0.63,12,0
train0161,7.2,0.52,0.07,1.4,0.074,5,20,0.9973,3.32,0.81,9.6,1
train0162,6.2,0.44,0.39,2.5,0.077,6,14,0.99555,3.51,0.69,11,1
train0163,7.9,0.34,0.36,1.9,0.065,5,10,0.99419,3.27,0.54,11.2,1
train0164,8.8,0.7,0,1.7,0.069,8,19,0.99701,3.31,0.53,10,1
train0165,7.9,0.18,0.4,1.8,0.062,7,20,0.9941,3.28,0.7,11.1,0
train0166,8.4,0.635,0.36,2,0.089,15,55,0.99745,3.31,0.57,10.4,0
train0167,6.7,0.855,0.02,1.9,0.064,29,38,0.99472,3.3,0.56,10.75,1
train0168,6.3,0.98,0.01,2,0.057,15,33,0.99488,3.6,0.46,11.2,1
train0169,7,0.43,0.3,2,0.085,6,39,0.99346,3.33,0.46,11.9,1
train0170,7.5,0.65,0.18,7,0.088,27,94,0.99915,3.38,0.77,9.4,0
train0171,6.7,0.62,0.21,1.9,0.079,8,62,0.997,3.52,0.58,9.3,1
train0172,7.4,0.55,0.19,1.8,0.082,15,34,0.99655,3.49,0.68,10.5,0
train0173,7.7,0.67,0.23,2.1,0.088,17,96,0.9962,3.32,0.48,9.5,0
train0174,5.6,0.54,0.04,1.7,0.049,5,13,0.9942,3.72,0.58,11.4,0
train0175,6.3,0.55,0.15,1.8,0.077,26,35,0.99314,3.32,0.82,11.6,1
train0176,7.9,0.65,0.01,2.5,0.078,17,38,0.9963,3.34,0.74,11.7,1
train0177,7.7,0.54,0.26,1.9,0.089,23,147,0.99636,3.26,0.59,9.7,0
train0178,9.9,0.35,0.38,1.5,0.058,31,47,0.99676,3.26,0.82,10.6,1
train0179,7.9,0.37,0.23,1.8,0.077,23,49,0.9963,3.28,0.67,9.3,0
train0180,9.7,0.66,0.34,2.6,0.094,12,88,0.99796,3.26,0.66,10.1,0
train0181,8,1.18,0.21,1.9,0.083,14,41,0.99532,3.34,0.47,10.5,0
train0182,7.6,0.95,0.03,2,0.09,7,20,0.9959,3.2,0.56,9.6,0
train0183,8.2,0.33,0.32,2.8,0.067,4,12,0.99473,3.3,0.76,12.8,1
train0184,8.9,0.75,0.14,2.5,0.086,9,30,0.99824,3.34,0.64,10.5,0
train0185,10.5,0.51,0.64,2.4,0.107,6,15,0.9973,3.09,0.66,11.8,1
train0186,11.3,0.37,0.5,1.8,0.09,20,47,0.99734,3.15,0.57,10.5,0
train0187,7,0.975,0.04,2,0.087,12,67,0.99565,3.35,0.6,9.4,0
train0188,10.6,0.83,0.37,2.6,0.086,26,70,0.9981,3.16,0.52,9.9,0
train0189,8.8,0.61,0.19,4,0.094,30,69,0.99787,3.22,0.5,10,1
train0190,9.1,0.775,0.22,2.2,0.079,12,48,0.9976,3.18,0.51,9.6,0
train0191,7.8,0.39,0.42,2,0.086,9,21,0.99526,3.39,0.66,11.6,1
train0192,7.8,0.76,0.04,2.3,0.092,15,54,0.997,3.26,0.65,9.8,0
train0193,6.8,0.915,0.29,4.8,0.07,15,39,0.99577,3.53,0.54,11.1,0
train0194,5.2,0.49,0.26,2.3,0.09,23,74,0.9953,3.71,0.62,12.2,1
train0195,6.2,0.7,0.15,5.1,0.076,13,27,0.99622,3.54,0.6,11.9,1
train0196,9.1,0.5,0.3,1.9,0.065,8,17,0.99774,3.32,0.71,10.5,1
train0197,7.4,0.53,0.12,1.9,0.165,4,12,0.99702,3.26,0.86,9.2,0
train0198,11.5,0.59,0.59,2.6,0.087,13,49,0.9988,3.18,0.65,11,1
train0199,7.2,0.57,0.05,2.3,0.081,16,36,0.99564,3.38,0.6,10.3,1
train0200,9,0.58,0.25,2,0.104,8,21,0.99769,3.27,0.72,9.6,0
train0201,9.5,0.46,0.24,2.7,0.092,14,44,0.998,3.12,0.74,10,1
train0202,10,0.73,0.43,2.3,0.059,15,31,0.9966,3.15,0.57,11,0
train0203,9.9,0.5,0.24,2.3,0.103,6,14,0.9978,3.34,0.52,10,0
train0204,9.1,0.5,0.3,1.9,0.065,8,17,0.99774,3.32,0.71,10.5,1
train0205,6.8,0.47,0.08,2.2,0.064,18,38,0.99553,3.3,0.65,9.6,1
train0206,7.1,0.59,0.02,2.3,0.082,24,94,0.99744,3.55,0.53,9.7,1
train0207,7.2,0.58,0.03,2.3,0.077,7,28,0.99568,3.35,0.52,10,0
train0208,7,0.655,0.16,2.1,0.074,8,25,0.99606,3.37,0.55,9.7,0
train0209,8.8,0.6,0.29,2.2,0.098,5,15,0.9988,3.36,0.49,9.1,0
train0210,9.3,0.27,0.41,2,0.091,6,16,0.998,3.28,0.7,9.7,0
train0211,11,0.3,0.58,2.1,0.054,7,19,0.998,3.31,0.88,10.5,1
train0212,8.1,0.78,0.23,2.6,0.059,5,15,0.997,3.37,0.56,11.3,0
train0213,9.7,0.69,0.32,2.5,0.088,22,91,0.9979,3.29,0.62,10.1,0
train0214,7.9,0.6,0.06,1.6,0.069,15,59,0.9964,3.3,0.46,9.4,0
train0215,6.9,0.63,0.33,6.7,0.235,66,115,0.99787,3.22,0.56,9.5,0
train0216,11.1,0.39,0.54,2.7,0.095,21,101,1.0001,3.13,0.51,9.5,0
train0217,10.9,0.39,0.47,1.8,0.118,6,14,0.9982,3.3,0.75,9.8,1
train0218,8.3,0.33,0.42,2.3,0.07,9,20,0.99426,3.38,0.77,12.7,1
train0219,9,0.4,0.43,2.4,0.068,29,46,0.9943,3.2,0.6,12.2,1
train0220,8.3,0.31,0.39,2.4,0.078,17,43,0.99444,3.31,0.77,12.5,1
train0221,8,0.5,0.39,2.6,0.082,12,46,0.9985,3.43,0.62,10.7,1
train0222,8.3,0.28,0.48,2.1,0.093,6,12,0.99408,3.26,0.62,12.4,1
train0223,12.3,0.5,0.49,2.2,0.089,5,14,1.0002,3.19,0.44,9.6,0
train0224,7.5,0.51,0.02,1.7,0.084,13,31,0.99538,3.36,0.54,10.5,1
train0225,7.8,0.545,0.12,2.5,0.068,11,35,0.996,3.34,0.61,11.6,1
train0226,8,0.62,0.33,2.7,0.088,16,37,0.9972,3.31,0.58,10.7,1
train0227,6.8,0.83,0.09,1.8,0.074,4,25,0.99534,3.38,0.45,9.6,0
train0228,7,0.62,0.18,1.5,0.062,7,50,0.9951,3.08,0.6,9.3,0
train0229,9,0.785,0.24,1.7,0.078,10,21,0.99692,3.29,0.67,10,0
train0230,6.2,0.36,0.24,2.2,0.095,19,42,0.9946,3.57,0.57,11.7,1
train0231,9.8,0.66,0.39,3.2,0.083,21,59,0.9989,3.37,0.71,11.5,1
train0232,9,0.4,0.41,2,0.058,15,40,0.99414,3.22,0.6,12.2,1
train0233,8.9,0.43,0.45,1.9,0.052,6,16,0.9948,3.35,0.7,12.5,1
train0234,9.3,0.33,0.45,1.5,0.057,19,37,0.99498,3.18,0.89,11.1,1
train0235,9.2,0.52,1,3.4,0.61,32,69,0.9996,2.74,2,9.4,0
train0236,10.8,0.29,0.42,1.6,0.084,19,27,0.99545,3.28,0.73,11.9,1
train0237,10.6,0.36,0.57,2.3,0.087,6,20,0.99676,3.14,0.72,11.1,1
train0238,7.7,0.26,0.3,1.7,0.059,20,38,0.9949,3.29,0.47,10.8,1
train0239,5.6,0.54,0.04,1.7,0.049,5,13,0.9942,3.72,0.58,11.4,0
train0240,8.2,0.24,0.34,5.1,0.062,8,22,0.9974,3.22,0.94,10.9,1
train0241,7.7,0.43,0.25,2.6,0.073,29,63,0.99615,3.37,0.58,10.5,1
train0242,7.5,0.57,0.08,2.6,0.089,14,27,0.99592,3.3,0.59,10.4,1
train0243,8.9,0.12,0.45,1.8,0.075,10,21,0.99552,3.41,0.76,11.9,1
train0244,11.6,0.58,0.66,2.2,0.074,10,47,1.0008,3.25,0.57,9,0
train0245,7,0.42,0.35,1.6,0.088,16,39,0.9961,3.34,0.55,9.2,0
train0246,9.2,0.755,0.18,2.2,0.148,10,103,0.9969,2.87,1.36,10.2,1
train0247,8,0.42,0.17,2,0.073,6,18,0.9972,3.29,0.61,9.2,1
train0248,8.1,0.545,0.18,1.9,0.08,13,35,0.9972,3.3,0.59,9,1
train0249,6.8,0.61,0.04,1.5,0.057,5,10,0.99525,3.42,0.6,9.5,0
train0250,8.7,0.46,0.31,2.5,0.126,24,64,0.99746,3.1,0.74,9.6,0
train0251,8.9,0.595,0.41,7.9,0.086,30,109,0.9998,3.27,0.57,9.3,0
train0252,7.4,0.965,0,2.2,0.088,16,32,0.99756,3.58,0.67,10.2,0
train0253,8.6,0.52,0.38,1.5,0.096,5,18,0.99666,3.2,0.52,9.4,0
train0254,6.2,0.63,0.31,1.7,0.088,15,64,0.9969,3.46,0.79,9.3,0
train0255,6.1,0.59,0.01,2.1,0.056,5,13,0.99472,3.52,0.56,11.4,0
train0256,7.1,0.6,0,1.8,0.074,16,34,0.9972,3.47,0.7,9.9,1
train0257,10.2,0.54,0.37,15.4,0.214,55,95,1.00369,3.18,0.77,9,1
train0258,10.4,0.44,0.42,1.5,0.145,34,48,0.99832,3.38,0.86,9.9,0
train0259,7.3,0.66,0,2,0.084,6,23,0.9983,3.61,0.96,9.9,1
train0260,5.9,0.395,0.13,2.4,0.056,14,28,0.99362,3.62,0.67,12.4,1
train0261,8,0.58,0.16,2,0.12,3,7,0.99454,3.22,0.58,11.2,1
train0262,7.9,0.3,0.68,8.3,0.05,37.5,278,0.99316,3.01,0.51,12.3,1
train0263,7.9,0.31,0.32,1.9,0.066,14,36,0.99364,3.41,0.56,12.6,1
train0264,8.7,0.78,0.51,1.7,0.415,12,66,0.99623,3,1.17,9.2,0
train0265,6.7,0.46,0.24,1.7,0.077,18,34,0.9948,3.39,0.6,10.6,1
train0266,11.1,0.42,0.47,2.65,0.085,9,34,0.99736,3.24,0.77,12.1,1
train0267,7.8,0.53,0.04,1.7,0.076,17,31,0.9964,3.33,0.56,10,1
train0268,9.6,0.56,0.31,2.8,0.089,15,46,0.9979,3.11,0.92,10,1
train0269,7.5,0.58,0.03,4.1,0.08,27,46,0.99592,3.02,0.47,9.2,0
train0270,7.3,0.49,0.1,2.6,0.068,4,14,0.99562,3.3,0.47,10.5,0
train0271,9.9,0.63,0.24,2.4,0.077,6,33,0.9974,3.09,0.57,9.4,0
train0272,7.2,0.57,0.06,1.6,0.076,9,27,0.9972,3.36,0.7,9.6,1
train0273,7.9,0.49,0.32,1.9,0.082,17,144,0.9968,3.2,0.55,9.5,0
train0274,5.6,0.31,0.37,1.4,0.074,12,96,0.9954,3.32,0.58,9.2,0
train0275,7.6,0.41,0.24,1.8,0.08,4,11,0.9962,3.28,0.59,9.5,0
train0276,7.7,0.6,0.06,2,0.079,19,41,0.99697,3.39,0.62,10.1,1
train0277,8.6,0.37,0.65,6.4,0.08,3,8,0.99817,3.27,0.58,11,0
train0278,10.6,1.02,0.43,2.9,0.076,26,88,0.9984,3.08,0.57,10.1,1
train0279,7.7,0.6,0,2.6,0.055,7,13,0.99639,3.38,0.56,10.8,0
train0280,12.8,0.3,0.74,2.6,0.095,9,28,0.9994,3.2,0.77,10.8,1
train0281,8.2,0.64,0.27,2,0.095,5,77,0.99747,3.13,0.62,9.1,1
train0282,6.4,0.67,0.08,2.1,0.045,19,48,0.9949,3.49,0.49,11.4,1
train0283,5.9,0.19,0.21,1.7,0.045,57,135,0.99341,3.32,0.44,9.5,0
train0284,6.9,0.54,0.04,3,0.077,7,27,0.9987,3.69,0.91,9.4,1
train0285,8.2,0.4,0.31,1.9,0.082,8,24,0.996,3.24,0.69,10.6,1
train0286,10.4,0.61,0.49,2.1,0.2,5,16,0.9994,3.16,0.63,8.4,0
train0287,7.8,0.44,0.28,2.7,0.1,18,95,0.9966,3.22,0.67,9.4,0
train0288,10.4,0.24,0.49,1.8,0.075,6,20,0.9977,3.18,1.06,11,1
train0289,7.3,0.35,0.24,2,0.067,28,48,0.99576,3.43,0.54,10,0
train0290,8,0.6,0.08,2.6,0.056,3,7,0.99286,3.22,0.37,13,0
train0291,9.4,0.685,0.26,2.4,0.082,23,143,0.9978,3.28,0.55,9.4,0
train0292,8.6,0.47,0.27,2.3,0.055,14,28,0.99516,3.18,0.8,11.2,0
train0293,7.9,0.885,0.03,1.8,0.058,4,8,0.9972,3.36,0.33,9.1,0
train0294,5.6,0.66,0,2.2,0.087,3,11,0.99378,3.71,0.63,12.8,1
train0295,7.9,0.33,0.41,1.5,0.056,6,35,0.99396,3.29,0.71,11,1
train0296,6.8,0.49,0.22,2.3,0.071,13,24,0.99438,3.41,0.83,11.3,1
train0297,8.9,0.62,0.19,3.9,0.17,51,148,0.9986,3.17,0.93,9.2,0
train0298,6.7,0.675,0.07,2.4,0.089,17,82,0.9958,3.35,0.54,10.1,0
train0299,13.5,0.53,0.79,4.8,0.12,23,77,1.0018,3.18,0.77,13,0
train0300,10,0.38,0.38,1.6,0.169,27,90,0.99914,3.15,0.65,8.5,0
train0301,10,0.58,0.22,1.9,0.08,9,32,0.9974,3.13,0.55,9.5,0
train0302,10.2,0.44,0.42,2,0.071,7,20,0.99566,3.14,0.79,11.1,1
train0303,11.4,0.36,0.69,2.1,0.09,6,21,1,3.17,0.62,9.2,1
train0304,9.5,0.46,0.49,6.3,0.064,5,17,0.9988,3.21,0.73,11,1
train0305,7.7,0.56,0.08,2.5,0.114,14,46,0.9971,3.24,0.66,9.6,1
train0306,6,0.49,0,2.3,0.068,15,33,0.99292,3.58,0.59,12.5,1
train0307,7.8,0.64,0,1.9,0.072,27,55,0.9962,3.31,0.63,11,0
train0308,7,0.69,0,1.9,0.114,3,10,0.99636,3.35,0.6,9.7,1
train0309,11,0.2,0.48,2,0.343,6,18,0.9979,3.3,0.71,10.5,0
train0310,7.8,0.56,0.12,2,0.082,7,28,0.997,3.37,0.5,9.4,1
train0311,7,0.5,0.14,1.8,0.078,10,23,0.99636,3.53,0.61,10.4,0
train0312,6,0.31,0.47,3.6,0.067,18,42,0.99549,3.39,0.66,11,1
train0313,8.9,0.24,0.39,1.6,0.074,3,10,0.99698,3.12,0.59,9.5,1
train0314,9.9,0.27,0.49,5,0.082,9,17,0.99484,3.19,0.52,12.5,1
train0315,12.7,0.59,0.45,2.3,0.082,11,22,1,3,0.7,9.3,1
train0316,11.9,0.38,0.49,2.7,0.098,12,42,1.0004,3.16,0.61,10.3,0
train0317,8.2,0.35,0.33,2.4,0.076,11,47,0.99599,3.27,0.81,11,1
train0318,9.3,0.36,0.39,1.5,0.08,41,55,0.99652,3.47,0.73,10.9,1
train0319,9,0.62,0.04,1.9,0.146,27,90,0.9984,3.16,0.7,9.4,0
train0320,7.9,0.545,0.06,4,0.087,27,61,0.9965,3.36,0.67,10.7,1
train0321,7.9,0.35,0.21,1.9,0.073,46,102,0.9964,3.27,0.58,9.5,0
train0322,7.2,0.37,0.32,2,0.062,15,28,0.9947,3.23,0.73,11.3,1
train0323,8.1,0.56,0.28,1.7,0.368,16,56,0.9968,3.11,1.28,9.3,0
train0324,9,0.43,0.34,2.5,0.08,26,86,0.9987,3.38,0.62,9.5,1
train0325,10.4,0.55,0.23,2.7,0.091,18,48,0.9994,3.22,0.64,10.3,1
train0326,7.1,0.22,0.49,1.8,0.039,8,18,0.99344,3.39,0.56,12.4,1
train0327,10,0.41,0.45,6.2,0.071,6,14,0.99702,3.21,0.49,11.8,1
train0328,7.8,0.82,0.29,4.3,0.083,21,64,0.99642,3.16,0.53,9.4,0
train0329,12.7,0.6,0.65,2.3,0.063,6,25,0.9997,3.03,0.57,9.9,0
train0330,7.2,0.39,0.44,2.6,0.066,22,48,0.99494,3.3,0.84,11.5,1
train0331,6.9,0.49,0.1,2.3,0.074,12,30,0.9959,3.42,0.58,10.2,1
train0332,7.1,0.46,0.2,1.9,0.077,28,54,0.9956,3.37,0.64,10.4,1
train0333,6.5,0.39,0.23,8.3,0.051,28,91,0.9952,3.44,0.55,12.1,1
train0334,6.7,0.46,0.24,1.7,0.077,18,34,0.9948,3.39,0.6,10.6,1
train0335,7.4,0.55,0.22,2.2,0.106,12,72,0.9959,3.05,0.63,9.2,0
train0336,5.2,0.48,0.04,1.6,0.054,19,106,0.9927,3.54,0.62,12.2,1
train0337,6.9,0.39,0.24,2.1,0.102,4,7,0.99462,3.44,0.58,11.4,0
train0338,8.4,0.65,0.6,2.1,0.112,12,90,0.9973,3.2,0.52,9.2,0
train0339,9.9,0.54,0.45,2.3,0.071,16,40,0.9991,3.39,0.62,9.4,0
train0340,8.3,0.34,0.4,2.4,0.065,24,48,0.99554,3.34,0.86,11,1
train0341,8.8,0.47,0.49,2.9,0.085,17,110,0.9982,3.29,0.6,9.8,0
train0342,5.6,0.605,0.05,2.4,0.073,19,25,0.99258,3.56,0.55,12.9,0
train0343,7.1,0.735,0.16,1.9,0.1,15,77,0.9966,3.27,0.64,9.3,0
train0344,7.6,0.685,0.23,2.3,0.111,20,84,0.9964,3.21,0.61,9.3,0
train0345,11.3,0.37,0.41,2.3,0.088,6,16,0.9988,3.09,0.8,9.3,0
train0346,10.3,0.5,0.42,2,0.069,21,51,0.9982,3.16,0.72,11.5,1
train0347,8.4,0.62,0.12,1.8,0.072,38,46,0.99504,3.38,0.89,11.8,1
train0348,10.8,0.32,0.44,1.6,0.063,16,37,0.9985,3.22,0.78,10,1
train0349,6.6,0.895,0.04,2.3,0.068,7,13,0.99582,3.53,0.58,10.8,1
train0350,6.7,0.48,0.02,2.2,0.08,36,111,0.99524,3.1,0.53,9.7,0
train0351,6,0.64,0.05,1.9,0.066,9,17,0.99496,3.52,0.78,10.6,0
train0352,8.9,0.38,0.4,2.2,0.068,12,28,0.99486,3.27,0.75,12.6,1
train0353,11.4,0.46,0.5,2.7,0.122,4,17,1.0006,3.13,0.7,10.2,0
train0354,10.4,0.26,0.48,1.9,0.066,6,10,0.99724,3.33,0.87,10.9,1
train0355,6.4,0.795,0,2.2,0.065,28,52,0.99378,3.49,0.52,11.6,0
train0356,11.9,0.4,0.65,2.15,0.068,7,27,0.9988,3.06,0.68,11.3,1
train0357,6.4,0.57,0.12,2.3,0.12,25,36,0.99519,3.47,0.71,11.3,1
train0358,8.5,0.49,0.11,2.3,0.084,9,67,0.9968,3.17,0.53,9.4,0
train0359,8.2,0.74,0.09,2,0.067,5,10,0.99418,3.28,0.57,11.8,1
train0360,6.6,0.64,0.31,6.1,0.083,7,49,0.99718,3.35,0.68,10.3,0
train0361,5.1,0.42,0,1.8,0.044,18,88,0.99157,3.68,0.73,13.6,1
train0362,6.9,0.765,0.02,2.3,0.063,35,63,0.9975,3.57,0.78,9.9,0
train0363,6.5,0.615,0,1.9,0.065,9,18,0.9972,3.46,0.65,9.2,0
train0364,7.9,0.2,0.35,1.7,0.054,7,15,0.99458,3.32,0.8,11.9,1
train0365,8.2,0.6,0.17,2.3,0.072,11,73,0.9963,3.2,0.45,9.3,0
train0366,10.6,0.31,0.49,2.2,0.063,18,40,0.9976,3.14,0.51,9.8,1
train0367,8.7,0.33,0.38,3.3,0.063,10,19,0.99468,3.3,0.73,12,1
train0368,8.7,0.48,0.3,2.8,0.066,10,28,0.9964,3.33,0.67,11.2,1
train0369,9.4,0.615,0.28,3.2,0.087,18,72,1.0001,3.31,0.53,9.7,0
train0370,7.9,0.52,0.26,1.9,0.079,42,140,0.9964,3.23,0.54,9.5,0
train0371,6.6,0.61,0,1.6,0.069,4,8,0.99396,3.33,0.37,10.4,0
train0372,11.6,0.32,0.55,2.8,0.081,35,67,1.0002,3.32,0.92,10.8,1
train0373,8.6,0.53,0.22,2,0.1,7,27,0.9967,3.2,0.56,10.2,1
train0374,9.3,0.49,0.36,1.7,0.081,3,14,0.99702,3.27,0.78,10.9,1
train0375,7,0.59,0,1.7,0.052,3,8,0.996,3.41,0.47,10.3,0
train0376,7.6,0.42,0.08,2.7,0.084,15,48,0.9968,3.21,0.59,10,0
train0377,6.2,0.36,0.24,2.2,0.095,19,42,0.9946,3.57,0.57,11.7,1
train0378,6.5,0.52,0.11,1.8,0.073,13,38,0.9955,3.34,0.52,9.3,0
train0379,7.7,0.935,0.43,2.2,0.114,22,114,0.997,3.25,0.73,9.2,0
train0380,8.6,0.55,0.09,3.3,0.068,8,17,0.99735,3.23,0.44,10,0
train0381,7.5,0.38,0.57,2.3,0.106,5,12,0.99605,3.36,0.55,11.4,1
train0382,9.8,0.88,0.25,2.5,0.104,35,155,1.001,3.41,0.67,11.2,0
train0383,7.6,0.9,0.06,2.5,0.079,5,10,0.9967,3.39,0.56,9.8,0
train0384,8.8,0.46,0.45,2.6,0.065,7,18,0.9947,3.32,0.79,14,1
train0385,6.7,0.54,0.13,2,0.076,15,36,0.9973,3.61,0.64,9.8,0
train0386,10.6,0.28,0.39,15.5,0.069,6,23,1.0026,3.12,0.66,9.2,0
train0387,8.3,0.715,0.15,1.8,0.089,10,52,0.9968,3.23,0.77,9.5,0
train0388,8.4,0.715,0.2,2.4,0.076,10,38,0.99735,3.31,0.64,9.4,0
train0389,9.8,0.5,0.34,2.3,0.094,10,45,0.99864,3.24,0.6,9.7,1
train0390,10,0.46,0.44,2.9,0.065,4,8,0.99674,3.33,0.62,12.2,1
train0391,11.9,0.37,0.69,2.3,0.078,12,24,0.9958,3,0.65,12.8,1
train0392,10.5,0.39,0.46,2.2,0.075,14,27,0.99598,3.06,0.84,11.4,1
train0393,13.7,0.415,0.68,2.9,0.085,17,43,1.0014,3.06,0.8,10,1
train0394,7.2,0.33,0.33,1.7,0.061,3,13,0.996,3.23,1.1,10,1
train0395,10.1,0.935,0.22,3.4,0.105,11,86,1.001,3.43,0.64,11.3,0
train0396,8.9,0.635,0.37,1.7,0.263,5,62,0.9971,3,1.09,9.3,0
train0397,7.7,0.715,0.01,2.1,0.064,31,43,0.99371,3.41,0.57,11.8,1
train0398,6.2,0.56,0.09,1.7,0.053,24,32,0.99402,3.54,0.6,11.3,0
train0399,10.4,0.44,0.73,6.55,0.074,38,76,0.999,3.17,0.85,12,1
train0400,9.3,0.5,0.36,1.8,0.084,6,17,0.99704,3.27,0.77,10.8,1
train0401,7.5,0.57,0.02,2.6,0.077,11,35,0.99557,3.36,0.62,10.8,1
train0402,8.6,0.83,0,2.8,0.095,17,43,0.99822,3.33,0.6,10.4,1
train0403,9.2,0.56,0.18,1.6,0.078,10,21,0.99576,3.15,0.49,9.9,0
train0404,8.8,0.45,0.43,1.4,0.076,12,21,0.99551,3.21,0.75,10.2,1
train0405,7,0.62,0.08,1.8,0.076,8,24,0.9978,3.48,0.53,9,0
train0406,8.2,0.73,0.21,1.7,0.074,5,13,0.9968,3.2,0.52,9.5,0
train0407,10.3,0.32,0.45,6.4,0.073,5,13,0.9976,3.23,0.82,12.6,1
train0408,7.3,0.585,0.18,2.4,0.078,15,60,0.99638,3.31,0.54,9.8,0
train0409,7.3,0.66,0,2,0.084,6,23,0.9983,3.61,0.96,9.9,1
train0410,7.8,0.54,0.26,2,0.088,23,48,0.9981,3.41,0.74,9.2,1
train0411,9.6,0.88,0.28,2.4,0.086,30,147,0.9979,3.24,0.53,9.4,0
train0412,8.6,0.37,0.65,6.4,0.08,3,8,0.99817,3.27,0.58,11,0
train0413,9.1,0.765,0.04,1.6,0.078,4,14,0.998,3.29,0.54,9.7,0
train0414,7.3,0.67,0.26,1.8,0.401,16,51,0.9969,3.16,1.14,9.4,0
train0415,15.6,0.645,0.49,4.2,0.095,10,23,1.00315,2.92,0.74,11.1,0
train0416,6.7,0.86,0.07,2,0.1,20,57,0.99598,3.6,0.74,11.7,1
train0417,7.2,0.63,0,1.9,0.097,14,38,0.99675,3.37,0.58,9,1
train0418,8.4,0.62,0.09,2.2,0.084,11,108,0.9964,3.15,0.66,9.8,0
train0419,6.4,0.64,0.21,1.8,0.081,14,31,0.99689,3.59,0.66,9.8,0
train0420,10.7,0.35,0.53,2.6,0.07,5,16,0.9972,3.15,0.65,11,1
train0421,9,0.53,0.49,1.9,0.171,6,25,0.9975,3.27,0.61,9.4,1
train0422,7.1,0.72,0,1.8,0.123,6,14,0.99627,3.45,0.58,9.8,0
train0423,5.6,0.85,0.05,1.4,0.045,12,88,0.9924,3.56,0.82,12.9,1
train0424,6.6,0.695,0,2.1,0.075,12,56,0.9968,3.49,0.67,9.2,0
train0425,8.3,0.675,0.26,2.1,0.084,11,43,0.9976,3.31,0.53,9.2,0
train0426,7.8,0.815,0.01,2.6,0.074,48,90,0.99621,3.38,0.62,10.8,0
train0427,9.3,0.39,0.44,2.1,0.107,34,125,0.9978,3.14,1.22,9.5,0
train0428,10.4,0.24,0.46,1.8,0.075,6,21,0.9976,3.25,1.02,10.8,1
train0429,5.9,0.55,0.1,2.2,0.062,39,51,0.99512,3.52,0.76,11.2,1
train0430,9.1,0.6,0,1.9,0.058,5,10,0.9977,3.18,0.63,10.4,1
train0431,7.9,0.33,0.23,1.7,0.077,18,45,0.99625,3.29,0.65,9.3,0
train0432,11.5,0.54,0.71,4.4,0.124,6,15,0.9984,3.01,0.83,11.8,1
train0433,10.2,0.29,0.65,2.4,0.075,6,17,0.99565,3.22,0.63,11.8,1
train0434,12.2,0.48,0.54,2.6,0.085,19,64,1,3.1,0.61,10.5,1
train0435,8.6,0.49,0.28,1.9,0.11,20,136,0.9972,2.93,1.95,9.9,1
train0436,9.1,0.66,0.15,3.2,0.097,9,59,0.99976,3.28,0.54,9.6,0
train0437,15.6,0.685,0.76,3.7,0.1,6,43,1.0032,2.95,0.68,11.2,1
train0438,6.2,0.46,0.29,2.1,0.074,32,98,0.99578,3.33,0.62,9.8,0
train0439,5.3,0.47,0.11,2.2,0.048,16,89,0.99182,3.54,0.88,13.56666667,1
train0440,8.3,0.715,0.15,1.8,0.089,10,52,0.9968,3.23,0.77,9.5,0
train0441,9.2,0.59,0.24,3.3,0.101,20,47,0.9988,3.26,0.67,9.6,0
train0442,6.8,0.77,0,1.8,0.066,34,52,0.9976,3.62,0.68,9.9,0
train0443,8.3,0.65,0.1,2.9,0.089,17,40,0.99803,3.29,0.55,9.5,0
train0444,7.5,0.685,0.07,2.5,0.058,5,9,0.99632,3.38,0.55,10.9,0
train0445,5.6,0.915,0,2.1,0.041,17,78,0.99346,3.68,0.73,11.4,0
train0446,6.6,0.84,0.03,2.3,0.059,32,48,0.9952,3.52,0.56,12.3,1
train0447,6,0.33,0.32,12.9,0.054,6,113,0.99572,3.3,0.56,11.5,0
train0448,8.1,0.67,0.55,1.8,0.117,32,141,0.9968,3.17,0.62,9.4,0
train0449,8.8,0.37,0.48,2.1,0.097,39,145,0.9975,3.04,1.03,9.3,0
train0450,7.7,0.56,0.2,2,0.075,9,39,0.9987,3.48,0.62,9.3,0
train0451,10.2,0.34,0.48,2.1,0.052,5,9,0.99458,3.2,0.69,12.1,1
train0452,10.9,0.32,0.52,1.8,0.132,17,44,0.99734,3.28,0.77,11.5,1
train0453,9.9,0.54,0.26,2,0.111,7,60,0.99709,2.94,0.98,10.2,0
train0454,11.4,0.6,0.49,2.7,0.085,10,41,0.9994,3.15,0.63,10.5,1
train0455,5.6,0.615,0,1.6,0.089,16,59,0.9943,3.58,0.52,9.9,0
train0456,8.8,0.55,0.04,2.2,0.119,14,56,0.9962,3.21,0.6,10.9,1
train0457,6.3,0.47,0,1.4,0.055,27,33,0.9922,3.45,0.48,12.3,1
train0458,10.8,0.4,0.41,2.2,0.084,7,17,0.9984,3.08,0.67,9.3,1
train0459,7.1,0.69,0.04,2.1,0.068,19,27,0.99712,3.44,0.67,9.8,0
train0460,6.8,0.56,0.03,1.7,0.084,18,35,0.9968,3.44,0.63,10,1
train0461,8.8,0.4,0.4,2.2,0.079,19,52,0.998,3.44,0.64,9.2,0
train0462,8.8,0.955,0.05,1.8,0.075,5,19,0.99616,3.3,0.44,9.6,0
train0463,7.4,0.66,0,1.8,0.075,13,40,0.9978,3.51,0.56,9.4,0
train0464,11.6,0.475,0.4,1.4,0.091,6,28,0.99704,3.07,0.65,10.03333333,1
train0465,8.2,0.28,0.4,2.4,0.052,4,10,0.99356,3.33,0.7,12.8,1
train0466,7.1,0.59,0.01,2.3,0.08,27,43,0.9955,3.42,0.58,10.7,1
train0467,8.9,0.48,0.24,2.85,0.094,35,106,0.9982,3.1,0.53,9.2,0
train0468,10,0.32,0.59,2.2,0.077,3,15,0.9994,3.2,0.78,9.6,0
train0469,8.1,0.78,0.1,3.3,0.09,4,13,0.99855,3.36,0.49,9.5,0
train0470,9.9,0.32,0.56,2,0.073,3,8,0.99534,3.15,0.73,11.4,1
train0471,9.6,0.68,0.24,2.2,0.087,5,28,0.9988,3.14,0.6,10.2,0
train0472,8.8,0.52,0.34,2.7,0.087,24,122,0.9982,3.26,0.61,9.5,0
train0473,6.7,0.75,0.01,2.4,0.078,17,32,0.9955,3.55,0.61,12.8,1
train0474,7.9,0.43,0.21,1.6,0.106,10,37,0.9966,3.17,0.91,9.5,0
train0475,7.7,0.26,0.26,2,0.052,19,77,0.9951,3.15,0.79,10.9,1
train0476,7.7,0.39,0.12,1.7,0.097,19,27,0.99596,3.16,0.49,9.4,0
train0477,9.1,0.25,0.34,2,0.071,45,67,0.99769,3.44,0.86,10.2,1
train0478,6.6,0.855,0.02,2.4,0.062,15,23,0.99627,3.54,0.6,11,1
train0479,10.8,0.45,0.33,2.5,0.099,20,38,0.99818,3.24,0.71,10.8,0
train0480,6.1,0.38,0.15,1.8,0.072,6,19,0.9955,3.42,0.57,9.4,0
train0481,6.6,0.8,0.03,7.8,0.079,6,12,0.9963,3.52,0.5,12.2,0
train0482,12.5,0.6,0.49,4.3,0.1,5,14,1.001,3.25,0.74,11.9,1
train0483,7.1,0.43,0.42,5.5,0.07,29,129,0.9973,3.42,0.72,10.5,0
train0484,8,0.3,0.63,1.6,0.081,16,29,0.99588,3.3,0.78,10.8,1
train0485,7.4,0.5,0.47,2,0.086,21,73,0.997,3.36,0.57,9.1,0
train0486,8.2,0.59,0,2.5,0.093,19,58,1.0002,3.5,0.65,9.3,1
train0487,7.9,0.5,0.33,2,0.084,15,143,0.9968,3.2,0.55,9.5,0
train0488,6.9,0.74,0.03,2.3,0.054,7,16,0.99508,3.45,0.63,11.5,1
train0489,7.8,0.61,0.29,1.6,0.114,9,29,0.9974,3.26,1.56,9.1,0
train0490,4.7,0.6,0.17,2.3,0.058,17,106,0.9932,3.85,0.6,12.9,1
train0491,6.4,0.38,0.14,2.2,0.038,15,25,0.99514,3.44,0.65,11.1,1
train0492,7.5,0.52,0.42,2.3,0.087,8,38,0.9972,3.58,0.61,10.5,1
train0493,8.2,0.78,0,2.2,0.089,13,26,0.9978,3.37,0.46,9.6,0
train0494,10,0.48,0.24,2.7,0.102,13,32,1,3.28,0.56,10,1
train0495,7.9,0.53,0.24,2,0.072,15,105,0.996,3.27,0.54,9.4,1
train0496,6.8,0.67,0.15,1.8,0.118,13,20,0.9954,3.42,0.67,11.3,1
train0497,7.8,0.53,0.01,1.6,0.077,3,19,0.995,3.16,0.46,9.8,0
train0498,7.9,0.545,0.06,4,0.087,27,61,0.9965,3.36,0.67,10.7,1
train0499,7.1,0.59,0,2.1,0.091,9,14,0.99488,3.42,0.55,11.5,1
train0500,6.9,0.58,0.01,1.9,0.08,40,54,0.99683,3.4,0.73,9.7,0
train0501,8.2,0.57,0.26,2.2,0.06,28,65,0.9959,3.3,0.43,10.1,0
train0502,7.7,0.63,0.08,1.9,0.076,15,27,0.9967,3.32,0.54,9.5,1
train0503,8,0.83,0.27,2,0.08,11,63,0.99652,3.29,0.48,9.8,0
train0504,6.9,0.605,0.12,10.7,0.073,40,83,0.9993,3.45,0.52,9.4,1
train0505,10.3,0.59,0.42,2.8,0.09,35,73,0.999,3.28,0.7,9.5,1
train0506,9.8,0.98,0.32,2.3,0.078,35,152,0.998,3.25,0.48,9.4,0
train0507,8.2,0.915,0.27,2.1,0.088,7,23,0.9962,3.26,0.47,10,0
train0508,7.2,0.6,0.04,2.5,0.076,18,88,0.99745,3.53,0.55,9.5,0
train0509,7.3,0.44,0.2,1.6,0.049,24,64,0.9935,3.38,0.57,11.7,1
train0510,6.2,0.57,0.1,2.1,0.048,4,11,0.99448,3.44,0.76,10.8,1
train0511,7.9,0.69,0.21,2.1,0.08,33,141,0.9962,3.25,0.51,9.9,0
train0512,7.4,0.6,0.26,2.1,0.083,17,91,0.99616,3.29,0.56,9.8,1
train0513,7.6,0.715,0,2.1,0.068,30,35,0.99533,3.48,0.65,11.4,1
train0514,8.2,0.635,0.1,2.1,0.073,25,60,0.99638,3.29,0.75,10.9,1
train0515,7.5,0.43,0.3,2.2,0.062,6,12,0.99495,3.44,0.72,11.5,1
train0516,8.4,0.6,0.1,2.2,0.085,14,111,0.9964,3.15,0.66,9.8,0
train0517,12.2,0.45,0.49,1.4,0.075,3,6,0.9969,3.13,0.63,10.4,0
train0518,7,0.36,0.21,2.4,0.086,24,69,0.99556,3.4,0.53,10.1,1
train0519,8.5,0.21,0.52,1.9,0.09,9,23,0.99648,3.36,0.67,10.4,0
train0520,9.2,0.67,0.1,3,0.091,12,48,0.99888,3.31,0.54,9.5,1
train0521,6.9,0.4,0.14,2.4,0.085,21,40,0.9968,3.43,0.63,9.7,1
train0522,9.6,0.6,0.5,2.3,0.079,28,71,0.9997,3.5,0.57,9.7,0
train0523,11.8,0.38,0.55,2.1,0.071,5,19,0.9986,3.11,0.62,10.8,1
train0524,7.5,0.52,0.16,1.9,0.085,12,35,0.9968,3.38,0.62,9.5,1
train0525,14,0.41,0.63,3.8,0.089,6,47,1.0014,3.01,0.81,10.8,1
train0526,9.9,0.5,0.5,13.8,0.205,48,82,1.00242,3.16,0.75,8.8,0
train0527,7.6,0.31,0.34,2.5,0.082,26,35,0.99356,3.22,0.59,12.5,1
train0528,7.6,0.62,0.32,2.2,0.082,7,54,0.9966,3.36,0.52,9.4,0
train0529,10.6,0.5,0.45,2.6,0.119,34,68,0.99708,3.23,0.72,10.9,1
train0530,12.4,0.49,0.58,3,0.103,28,99,1.0008,3.16,1,11.5,1
train0531,7.6,0.41,0.49,2,0.088,16,43,0.998,3.48,0.64,9.1,0
train0532,8.2,0.28,0.6,3,0.104,10,22,0.99828,3.39,0.68,10.6,0
train0533,6.9,0.44,0,1.4,0.07,32,38,0.99438,3.32,0.58,11.4,1
train0534,7.4,0.25,0.29,2.2,0.054,19,49,0.99666,3.4,0.76,10.9,1
train0535,7.1,0.68,0,2.3,0.087,17,26,0.99783,3.45,0.53,9.5,0
train0536,8.3,0.26,0.42,2,0.08,11,27,0.9974,3.21,0.8,9.4,1
train0537,7.2,0.725,0.05,4.65,0.086,4,11,0.9962,3.41,0.39,10.9,0
train0538,8,0.715,0.22,2.3,0.075,13,81,0.99688,3.24,0.54,9.5,1
train0539,11.5,0.315,0.54,2.1,0.084,5,15,0.9987,2.98,0.7,9.2,1
train0540,6.9,0.41,0.31,2,0.079,21,51,0.99668,3.47,0.55,9.5,1
train0541,7.5,0.61,0.26,1.9,0.073,24,88,0.99612,3.3,0.53,9.8,0
train0542,8.5,0.28,0.35,1.7,0.061,6,15,0.99524,3.3,0.74,11.8,1
train0543,7.6,0.51,0.15,2.8,0.11,33,73,0.9955,3.17,0.63,10.2,1
train0544,7.8,0.56,0.19,2,0.081,17,108,0.9962,3.32,0.54,9.5,0
train0545,7.9,0.29,0.49,2.2,0.096,21,59,0.99714,3.31,0.67,10.1,1
train0546,10.2,0.36,0.64,2.9,0.122,10,41,0.998,3.23,0.66,12.5,1
train0547,10.5,0.26,0.47,1.9,0.078,6,24,0.9976,3.18,1.04,10.9,1
train0548,9.2,0.46,0.23,2.6,0.091,18,77,0.99922,3.15,0.51,9.4,0
train0549,7.6,0.46,0.11,2.6,0.079,12,49,0.9968,3.21,0.57,10,0
train0550,8,0.58,0.28,3.2,0.066,21,114,0.9973,3.22,0.54,9.4,1
train0551,6.8,0.68,0.21,2.1,0.07,9,23,0.99546,3.38,0.6,10.3,0
train0552,6.9,0.56,0.03,1.5,0.086,36,46,0.99522,3.53,0.57,10.6,0
train0553,7.9,0.4,0.29,1.8,0.157,1,44,0.9973,3.3,0.92,9.5,1
train0554,10.4,0.41,0.55,3.2,0.076,22,54,0.9996,3.15,0.89,9.9,1
train0555,9.5,0.59,0.44,2.3,0.071,21,68,0.9992,3.46,0.63,9.5,0
train0556,6.8,0.5,0.11,1.5,0.075,16,49,0.99545,3.36,0.79,9.5,0
train0557,7.4,0.64,0.17,5.4,0.168,52,98,0.99736,3.28,0.5,9.5,0
train0558,7,0.57,0.02,2,0.072,17,26,0.99575,3.36,0.61,10.2,0
train0559,8,0.38,0.06,1.8,0.078,12,49,0.99625,3.37,0.52,9.9,1
train0560,7.2,0.38,0.3,1.8,0.073,31,70,0.99685,3.42,0.59,9.5,1
train0561,8.9,0.32,0.31,2,0.088,12,19,0.9957,3.17,0.55,10.4,1
train0562,12.3,0.39,0.63,2.3,0.091,6,18,1.0004,3.16,0.49,9.5,0
train0563,7.2,0.73,0.02,2.5,0.076,16,42,0.9972,3.44,0.52,9.3,0
train0564,7,0.49,0.49,5.6,0.06,26,121,0.9974,3.34,0.76,10.5,0
train0565,8.5,0.18,0.51,1.75,0.071,45,88,0.99524,3.33,0.76,11.8,1
train0566,11.9,0.43,0.66,3.1,0.109,10,23,1,3.15,0.85,10.4,1
train0567,15.9,0.36,0.65,7.5,0.096,22,71,0.9976,2.98,0.84,14.9,0
train0568,9.1,0.22,0.24,2.1,0.078,1,28,0.999,3.41,0.87,10.3,1
train0569,10.1,0.38,0.5,2.4,0.104,6,13,0.99643,3.22,0.65,11.6,1
train0570,7.2,0.56,0.26,2,0.083,13,100,0.99586,3.26,0.52,9.9,0
train0571,11.5,0.45,0.5,3,0.078,19,47,1.0003,3.26,1.11,11,1
train0572,7.5,0.49,0.2,2.6,0.332,8,14,0.9968,3.21,0.9,10.5,1
train0573,9.1,0.3,0.41,2,0.068,10,24,0.99523,3.27,0.85,11.7,1
train0574,8.2,0.5,0.35,2.9,0.077,21,127,0.9976,3.23,0.62,9.4,0
train0575,5.8,1.01,0.66,2,0.039,15,88,0.99357,3.66,0.6,11.5,1
train0576,9.9,0.25,0.46,1.7,0.062,26,42,0.9959,3.18,0.83,10.6,1
train0577,6.6,0.61,0.01,1.9,0.08,8,25,0.99746,3.69,0.73,10.5,0
train0578,8.3,0.705,0.12,2.6,0.092,12,28,0.9994,3.51,0.72,10,0
train0579,7.7,0.49,0.26,1.9,0.062,9,31,0.9966,3.39,0.64,9.6,0
train0580,6.8,0.59,0.06,6,0.06,11,18,0.9962,3.41,0.59,10.8,1
train0581,7.1,0.75,0.01,2.2,0.059,11,18,0.99242,3.39,0.4,12.8,1
train0582,7.2,0.635,0.07,2.6,0.077,16,86,0.99748,3.51,0.54,9.7,0
train0583,8.3,0.43,0.3,3.4,0.079,7,34,0.99788,3.36,0.61,10.5,0
train0584,7.9,0.58,0.23,2.3,0.076,23,94,0.99686,3.21,0.58,9.5,1
train0585,7.6,0.29,0.49,2.7,0.092,25,60,0.9971,3.31,0.61,10.1,1
train0586,6.8,0.51,0.01,2.1,0.074,9,25,0.9958,3.33,0.56,9.5,1
train0587,6.6,0.61,0.01,1.9,0.08,8,25,0.99746,3.69,0.73,10.5,0
train0588,5.6,0.62,0.03,1.5,0.08,6,13,0.99498,3.66,0.62,10.1,0
train0589,7.3,0.59,0.26,2,0.08,17,104,0.99584,3.28,0.52,9.9,0
train0590,8.7,0.41,0.41,6.2,0.078,25,42,0.9953,3.24,0.77,12.6,1
train0591,10.8,0.5,0.46,2.5,0.073,5,27,1.0001,3.05,0.64,9.5,0
train0592,11.7,0.28,0.47,1.7,0.054,17,32,0.99686,3.15,0.67,10.6,1
train0593,7.2,0.62,0.01,2.3,0.065,8,46,0.99332,3.32,0.51,11.8,1
train0594,8.1,0.29,0.36,2.2,0.048,35,53,0.995,3.27,1.01,12.4,1
train0595,8.9,0.12,0.45,1.8,0.075,10,21,0.99552,3.41,0.76,11.9,1
train0596,9.9,0.59,0.07,3.4,0.102,32,71,1.00015,3.31,0.71,9.8,0
train0597,6.4,0.42,0.09,2.3,0.054,34,64,0.99724,3.41,0.68,10.4,1
train0598,9.4,0.685,0.11,2.7,0.077,6,31,0.9984,3.19,0.7,10.1,1
train0599,7.9,0.35,0.46,3.6,0.078,15,37,0.9973,3.35,0.86,12.8,1
train0600,9.4,0.59,0.14,2,0.084,25,48,0.9981,3.14,0.56,9.7,0
train0601,9.2,0.43,0.49,2.4,0.086,23,116,0.9976,3.23,0.64,9.5,0
train0602,6.8,0.68,0.09,3.9,0.068,15,29,0.99524,3.41,0.52,11.1,0
train0603,9.2,0.92,0.24,2.6,0.087,12,93,0.9998,3.48,0.54,9.8,0
train0604,9,0.6,0.29,2,0.069,32,73,0.99654,3.34,0.57,10,0
train0605,11.6,0.23,0.57,1.8,0.074,3,8,0.9981,3.14,0.7,9.9,1
train0606,9.8,0.44,0.47,2.5,0.063,9,28,0.9981,3.24,0.65,10.8,1
train0607,6.5,0.63,0.33,1.8,0.059,16,28,0.99531,3.36,0.64,10.1,1
train0608,7.9,0.4,0.3,1.8,0.157,2,45,0.99727,3.31,0.91,9.5,1
train0609,9,0.54,0.49,2.9,0.094,41,110,0.9982,3.08,0.61,9.2,0
train0610,7.1,0.46,0.14,2.8,0.076,15,37,0.99624,3.36,0.49,10.7,0
train0611,9.6,0.38,0.31,2.5,0.096,16,49,0.9982,3.19,0.7,10,1
train0612,8.8,0.48,0.41,3.3,0.092,26,52,0.9982,3.31,0.53,10.5,1
train0613,6.1,0.705,0.1,2.8,0.081,13,28,0.99631,3.6,0.66,10.2,0
train0614,7.1,0.34,0.28,2,0.082,31,68,0.99694,3.45,0.48,9.4,0
train0615,6.8,0.65,0.02,2.1,0.078,8,15,0.99498,3.35,0.62,10.4,1
train0616,7.2,0.645,0,1.9,0.097,15,39,0.99675,3.37,0.58,9.2,1
train0617,10.4,0.28,0.54,2.7,0.105,5,19,0.9988,3.25,0.63,9.5,0
train0618,12.4,0.35,0.49,2.6,0.079,27,69,0.9994,3.12,0.75,10.4,1
train0619,12.4,0.4,0.51,2,0.059,6,24,0.9994,3.04,0.6,9.3,1
train0620,7.6,0.54,0.02,1.7,0.085,17,31,0.99589,3.37,0.51,10.4,1
train0621,11.7,0.45,0.63,2.2,0.073,7,23,0.99974,3.21,0.69,10.9,1
train0622,6.5,0.51,0.15,3,0.064,12,27,0.9929,3.33,0.59,12.8,1
train0623,10.7,0.35,0.53,2.6,0.07,5,16,0.9972,3.15,0.65,11,1
train0624,7.9,0.18,0.4,2.2,0.049,38,67,0.996,3.33,0.93,11.3,0
train0625,9,0.69,0,2.4,0.088,19,38,0.999,3.35,0.6,9.3,0
train0626,6.5,0.61,0,2.2,0.095,48,59,0.99541,3.61,0.7,11.5,1
train0627,7,0.78,0.08,2,0.093,10,19,0.9956,3.4,0.47,10,0
train0628,8.6,0.42,0.39,1.8,0.068,6,12,0.99516,3.35,0.69,11.7,1
train0629,9.3,0.61,0.26,3.4,0.09,25,87,0.99975,3.24,0.62,9.7,0
train0630,11.9,0.695,0.53,3.4,0.128,7,21,0.9992,3.17,0.84,12.2,1
train0631,6.5,0.885,0,2.3,0.166,6,12,0.99551,3.56,0.51,10.8,0
train0632,10.6,0.36,0.6,2.2,0.152,7,18,0.9986,3.04,1.06,9.4,0
train0633,9.6,0.6,0.5,2.3,0.079,28,71,0.9997,3.5,0.57,9.7,0
train0634,12.6,0.41,0.54,2.8,0.103,19,41,0.99939,3.21,0.76,11.3,1
train0635,6.8,0.65,0.02,2.1,0.078,8,15,0.99498,3.35,0.62,10.4,1
train0636,8.2,0.51,0.24,2,0.079,16,86,0.99764,3.34,0.64,9.5,1
train0637,7,0.22,0.3,1.8,0.065,16,20,0.99672,3.61,0.82,10,1
train0638,6.8,0.41,0.31,8.8,0.084,26,45,0.99824,3.38,0.64,10.1,1
train0639,7.5,0.6,0.32,2.7,0.103,13,98,0.99938,3.45,0.62,9.5,0
train0640,9.1,0.4,0.5,1.8,0.071,7,16,0.99462,3.21,0.69,12.5,1
train0641,9.7,0.69,0.32,2.5,0.088,22,91,0.9979,3.29,0.62,10.1,0
train0642,7.3,0.305,0.39,1.2,0.059,7,11,0.99331,3.29,0.52,11.5,1
train0643,11.1,0.31,0.49,2.7,0.094,16,47,0.9986,3.12,1.02,10.6,1
train0644,6.6,0.58,0.02,2.4,0.069,19,40,0.99387,3.38,0.66,12.6,1
train0645,6.9,0.54,0.3,2.2,0.088,9,105,0.99725,3.25,1.18,10.5,1
train0646,9.4,0.3,0.56,2.8,0.08,6,17,0.9964,3.15,0.92,11.7,1
train0647,7.1,0.48,0.28,2.8,0.068,6,16,0.99682,3.24,0.53,10.3,0
train0648,8.9,0.31,0.36,2.6,0.056,10,39,0.99562,3.4,0.69,11.8,0
train0649,7.7,0.58,0.1,1.8,0.102,28,109,0.99565,3.08,0.49,9.8,1
train0650,7.9,0.19,0.42,1.6,0.057,18,30,0.994,3.29,0.69,11.2,1
train0651,12.8,0.615,0.66,5.8,0.083,7,42,1.0022,3.07,0.73,10,1
train0652,7.5,0.58,0.2,2,0.073,34,44,0.99494,3.1,0.43,9.3,0
train0653,8.5,0.44,0.5,1.9,0.369,15,38,0.99634,3.01,1.1,9.4,0
train0654,7,0.42,0.19,2.3,0.071,18,36,0.99476,3.39,0.56,10.9,0
train0655,7.4,0.6,0.26,7.3,0.07,36,121,0.9982,3.37,0.49,9.4,0
train0656,15,0.21,0.44,2.2,0.075,10,24,1.00005,3.07,0.84,9.2,1
train0657,7.8,0.735,0.08,2.4,0.092,10,41,0.9974,3.24,0.71,9.8,1
train0658,7.8,0.58,0.02,2,0.073,9,18,0.9968,3.36,0.57,9.5,1
train0659,8.4,0.52,0.22,2.7,0.084,4,18,0.99682,3.26,0.57,9.9,1
train0660,5.3,0.715,0.19,1.5,0.161,7,62,0.99395,3.62,0.61,11,0
train0661,6.6,0.705,0.07,1.6,0.076,6,15,0.9962,3.44,0.58,10.7,0
train0662,6.3,0.76,0,2.9,0.072,26,52,0.99379,3.51,0.6,11.5,1
train0663,7.7,0.69,0.49,1.8,0.115,20,112,0.9968,3.21,0.71,9.3,0
train0664,10.1,0.45,0.23,1.9,0.082,10,18,0.99774,3.22,0.65,9.3,1
train0665,7.3,0.45,0.36,5.9,0.074,12,87,0.9978,3.33,0.83,10.5,0
train0666,7,0.69,0.07,2.5,0.091,15,21,0.99572,3.38,0.6,11.3,1
train0667,6.4,0.63,0.21,1.6,0.08,12,32,0.99689,3.58,0.66,9.8,0
train0668,7.1,0.715,0,2.35,0.071,21,47,0.99632,3.29,0.45,9.4,0
train0669,6.8,0.59,0.1,1.7,0.063,34,53,0.9958,3.41,0.67,9.7,0
train0670,8,0.43,0.36,2.3,0.075,10,48,0.9976,3.34,0.46,9.4,0
train0671,7.7,0.41,0.76,1.8,0.611,8,45,0.9968,3.06,1.26,9.4,0
train0672,8.2,0.35,0.33,2.4,0.076,11,47,0.99599,3.27,0.81,11,1
train0673,6.6,0.44,0.09,2.2,0.063,9,18,0.99444,3.42,0.69,11.3,1
train0674,10.6,0.44,0.68,4.1,0.114,6,24,0.997,3.06,0.66,13.4,1
train0675,8.3,0.53,0,1.4,0.07,6,14,0.99593,3.25,0.64,10,1
train0676,6.6,0.58,0.02,2,0.062,37,53,0.99374,3.35,0.76,11.6,1
train0677,12.9,0.35,0.49,5.8,0.066,5,35,1.0014,3.2,0.66,12,1
train0678,7,0.4,0.32,3.6,0.061,9,29,0.99416,3.28,0.49,11.3,1
train0679,7.5,0.27,0.34,2.3,0.05,4,8,0.9951,3.4,0.64,11,1
train0680,11.7,0.49,0.49,2.2,0.083,5,15,1,3.19,0.43,9.2,0
train0681,6.6,0.7,0.08,2.6,0.106,14,27,0.99665,3.44,0.58,10.2,0
train0682,8.1,0.87,0,3.3,0.096,26,61,1.00025,3.6,0.72,9.8,0
train0683,13.3,0.43,0.58,1.9,0.07,15,40,1.0004,3.06,0.49,9,0
train0684,9.9,0.72,0.55,1.7,0.136,24,52,0.99752,3.35,0.94,10,0
train0685,8.2,0.24,0.34,5.1,0.062,8,22,0.9974,3.22,0.94,10.9,1
train0686,7.1,0.67,0,2.3,0.083,18,27,0.99768,3.44,0.54,9.4,0
train0687,9.5,0.55,0.66,2.3,0.387,12,37,0.9982,3.17,0.67,9.6,0
train0688,10.2,0.24,0.49,2.4,0.075,10,28,0.9978,3.14,0.61,10.4,0
train0689,8.1,0.575,0.22,2.1,0.077,12,65,0.9967,3.29,0.51,9.2,0
train0690,7.3,0.67,0.02,2.2,0.072,31,92,0.99566,3.32,0.68,11.06666667,1
train0691,6.2,0.56,0.09,1.7,0.053,24,32,0.99402,3.54,0.6,11.3,0
train0692,8.3,0.3,0.49,3.8,0.09,11,24,0.99498,3.27,0.64,12.1,1
train0693,7.4,0.36,0.3,1.8,0.074,17,24,0.99419,3.24,0.7,11.4,1
train0694,7.8,0.48,0.68,1.7,0.415,14,32,0.99656,3.09,1.06,9.1,1
train0695,6.8,0.67,0,1.9,0.08,22,39,0.99701,3.4,0.74,9.7,0
train0696,10.2,0.54,0.37,15.4,0.214,55,95,1.00369,3.18,0.77,9,1
train0697,8.3,0.615,0.22,2.6,0.087,6,19,0.9982,3.26,0.61,9.3,0
train0698,10.5,0.28,0.51,1.7,0.08,10,24,0.9982,3.2,0.89,9.4,1
train0699,7,0.43,0.02,1.9,0.08,15,28,0.99492,3.35,0.81,10.6,1
train0700,6.3,0.68,0.01,3.7,0.103,32,54,0.99586,3.51,0.66,11.3,1
train0701,8.1,0.825,0.24,2.1,0.084,5,13,0.9972,3.37,0.77,10.7,1
train0702,8.5,0.585,0.18,2.1,0.078,5,30,0.9967,3.2,0.48,9.8,1
train0703,8.8,0.41,0.64,2.2,0.093,9,42,0.9986,3.54,0.66,10.5,0
train0704,9.9,0.63,0.24,2.4,0.077,6,33,0.9974,3.09,0.57,9.4,0
train0705,9.4,0.27,0.53,2.4,0.074,6,18,0.9962,3.2,1.13,12,1
train0706,7.5,0.725,0.04,1.5,0.076,8,15,0.99508,3.26,0.53,9.6,0
train0707,10.4,0.26,0.48,1.9,0.066,6,10,0.99724,3.33,0.87,10.9,1
train0708,7.7,0.54,0.26,1.9,0.089,23,147,0.99636,3.26,0.59,9.7,0
train0709,7.5,0.71,0,1.6,0.092,22,31,0.99635,3.38,0.58,10,1
train0710,12,0.38,0.56,2.1,0.093,6,24,0.99925,3.14,0.71,10.9,1
train0711,6.4,0.57,0.14,3.9,0.07,27,73,0.99669,3.32,0.48,9.2,0
train0712,6.9,0.765,0.18,2.4,0.243,5.5,48,0.99612,3.4,0.6,10.3,1
train0713,9,0.36,0.52,2.1,0.111,5,10,0.99568,3.31,0.62,11.3,1
train0714,6.5,0.9,0,1.6,0.052,9,17,0.99467,3.5,0.63,10.9,1
train0715,10.4,0.64,0.24,2.8,0.105,29,53,0.9998,3.24,0.67,9.9,0
train0716,8.7,0.54,0.26,2.5,0.097,7,31,0.9976,3.27,0.6,9.3,1
train0717,9.1,0.3,0.34,2,0.064,12,25,0.99516,3.26,0.84,11.7,1
train0718,7.5,0.49,0.19,1.9,0.076,10,44,0.9957,3.39,0.54,9.7,0
train0719,9,0.66,0.17,3,0.077,5,13,0.9976,3.29,0.55,10.4,0
train0720,8.7,0.82,0.02,1.2,0.07,36,48,0.9952,3.2,0.58,9.8,0
train0721,7,0.685,0,1.9,0.067,40,63,0.9979,3.6,0.81,9.9,0
train0722,7.2,0.695,0.13,2,0.076,12,20,0.99546,3.29,0.54,10.1,0
train0723,7.3,1.07,0.09,1.7,0.178,10,89,0.9962,3.3,0.57,9,0
train0724,7.6,0.735,0.02,2.5,0.071,10,14,0.99538,3.51,0.71,11.7,1
train0725,11.1,0.31,0.53,2.2,0.06,3,10,0.99572,3.02,0.83,10.9,1
train0726,7.1,0.65,0.18,1.8,0.07,13,40,0.997,3.44,0.6,9.1,0
train0727,7.6,0.35,0.6,2.6,0.073,23,44,0.99656,3.38,0.79,11.1,1
train0728,9.9,0.57,0.25,2,0.104,12,89,0.9963,3.04,0.9,10.1,0
train0729,7.2,0.38,0.31,2,0.056,15,29,0.99472,3.23,0.76,11.3,1
train0730,8.1,0.545,0.18,1.9,0.08,13,35,0.9972,3.3,0.59,9,1
train0731,6.8,0.785,0,2.4,0.104,14,30,0.9966,3.52,0.55,10.7,1
train0732,10.7,0.67,0.22,2.7,0.107,17,34,1.0004,3.28,0.98,9.9,1
train0733,8.2,0.7,0.23,2,0.099,14,81,0.9973,3.19,0.7,9.4,0
train0734,9.6,0.77,0.12,2.9,0.082,30,74,0.99865,3.3,0.64,10.4,1
train0735,11.5,0.18,0.51,4,0.104,4,23,0.9996,3.28,0.97,10.1,1
train0736,10.2,0.29,0.49,2.6,0.059,5,13,0.9976,3.05,0.74,10.5,1
train0737,13,0.47,0.49,4.3,0.085,6,47,1.0021,3.3,0.68,12.7,1
train0738,6.7,1.04,0.08,2.3,0.067,19,32,0.99648,3.52,0.57,11,0
train0739,6.8,0.62,0.08,1.9,0.068,28,38,0.99651,3.42,0.82,9.5,1
train0740,8.9,0.12,0.45,1.8,0.075,10,21,0.99552,3.41,0.76,11.9,1
train0741,10.9,0.53,0.49,4.6,0.118,10,17,1.0002,3.07,0.56,11.7,1
train0742,5.9,0.46,0,1.9,0.077,25,44,0.99385,3.5,0.53,11.2,0
train0743,7.4,0.36,0.34,1.8,0.075,18,38,0.9933,3.38,0.88,13.6,1
train0744,7.3,0.69,0.32,2.2,0.069,35,104,0.99632,3.33,0.51,9.5,0
train0745,7.5,0.6,0.03,1.8,0.095,25,99,0.995,3.35,0.54,10.1,0
train0746,11.2,0.28,0.56,1.9,0.075,17,60,0.998,3.16,0.58,9.8,1
train0747,8.9,0.62,0.18,3.8,0.176,52,145,0.9986,3.16,0.88,9.2,0
train0748,7.3,0.305,0.39,1.2,0.059,7,11,0.99331,3.29,0.52,11.5,1
train0749,6.4,0.64,0.21,1.8,0.081,14,31,0.99689,3.59,0.66,9.8,0
train0750,7.1,0.47,0,2.2,0.067,7,14,0.99517,3.4,0.58,10.9,0
train0751,8.4,0.25,0.39,2,0.041,4,10,0.99386,3.27,0.71,12.5,1
train0752,7,0.23,0.4,1.6,0.063,21,67,0.9952,3.5,0.63,11.1,0
train0753,8.1,0.725,0.22,2.2,0.072,11,41,0.9967,3.36,0.55,9.1,0
train0754,10.2,0.36,0.64,2.9,0.122,10,41,0.998,3.23,0.66,12.5,1
train0755,7.8,0.52,0.25,1.9,0.081,14,38,0.9984,3.43,0.65,9,1
train0756,7.8,0.43,0.7,1.9,0.464,22,67,0.9974,3.13,1.28,9.4,0
train0757,8.4,0.745,0.11,1.9,0.09,16,63,0.9965,3.19,0.82,9.6,0
train0758,6.8,0.59,0.06,6,0.06,11,18,0.9962,3.41,0.59,10.8,1
train0759,10.3,0.53,0.48,2.5,0.063,6,25,0.9998,3.12,0.59,9.3,1
train0760,6.7,0.32,0.44,2.4,0.061,24,34,0.99484,3.29,0.8,11.6,1
train0761,7.1,0.6,0,1.8,0.074,16,34,0.9972,3.47,0.7,9.9,1
train0762,10,0.35,0.47,2,0.061,6,11,0.99585,3.23,0.52,12,1
train0763,9,0.785,0.24,1.7,0.078,10,21,0.99692,3.29,0.67,10,0
train0764,6.9,0.84,0.21,4.1,0.074,16,65,0.99842,3.53,0.72,9.233333333,1
train0765,15.5,0.645,0.49,4.2,0.095,10,23,1.00315,2.92,0.74,11.1,0
train0766,7.3,0.735,0,2.2,0.08,18,28,0.99765,3.41,0.6,9.4,0
train0767,7.7,0.43,0.25,2.6,0.073,29,63,0.99615,3.37,0.58,10.5,1
train0768,7.5,0.52,0.4,2.2,0.06,12,20,0.99474,3.26,0.64,11.8,1
train0769,9.3,0.36,0.39,1.5,0.08,41,55,0.99652,3.47,0.73,10.9,1
train0770,6.1,0.34,0.25,1.8,0.084,4,28,0.99464,3.36,0.44,10.1,0
train0771,10,0.49,0.2,11,0.071,13,50,1.0015,3.16,0.69,9.2,1
train0772,5,0.38,0.01,1.6,0.048,26,60,0.99084,3.7,0.75,14,1
train0773,7.6,0.78,0,1.7,0.076,33,45,0.99612,3.31,0.62,10.7,1
train0774,7.7,0.705,0.1,2.6,0.084,9,26,0.9976,3.39,0.49,9.7,0
train0775,6.6,0.56,0.14,2.4,0.064,13,29,0.99397,3.42,0.62,11.7,1
train0776,10.2,0.42,0.57,3.4,0.07,4,10,0.9971,3.04,0.63,9.6,0
train0777,10.5,0.42,0.66,2.95,0.116,12,29,0.997,3.24,0.75,11.7,1
train0778,12.6,0.39,0.49,2.5,0.08,8,20,0.9992,3.07,0.82,10.3,1
train0779,7,0.685,0,1.9,0.099,9,22,0.99606,3.34,0.6,9.7,0
train0780,7.1,0.43,0.42,5.5,0.071,28,128,0.9973,3.42,0.71,10.5,0
train0781,6.8,0.69,0,5.6,0.124,21,58,0.9997,3.46,0.72,10.2,0
train0782,7.9,0.43,0.21,1.6,0.106,10,37,0.9966,3.17,0.91,9.5,0
train0783,7.8,0.57,0.09,2.3,0.065,34,45,0.99417,3.46,0.74,12.7,1
train0784,8.2,0.43,0.29,1.6,0.081,27,45,0.99603,3.25,0.54,10.3,0
train0785,6.8,0.63,0.12,3.8,0.099,16,126,0.9969,3.28,0.61,9.5,0
train0786,8.3,0.655,0.12,2.3,0.083,15,113,0.9966,3.17,0.66,9.8,0
train0787,12.6,0.31,0.72,2.2,0.072,6,29,0.9987,2.88,0.82,9.8,1
train0788,12,0.5,0.59,1.4,0.073,23,42,0.998,2.92,0.68,10.5,1
train0789,8.9,0.745,0.18,2.5,0.077,15,48,0.99739,3.2,0.47,9.7,1
train0790,7.6,0.49,0.33,1.9,0.074,27,85,0.99706,3.41,0.58,9,0
train0791,7,0.45,0.34,2.7,0.082,16,72,0.998,3.55,0.6,9.5,0
train0792,8.1,0.38,0.28,2.1,0.066,13,30,0.9968,3.23,0.73,9.7,1
train0793,8.8,0.42,0.21,2.5,0.092,33,88,0.99823,3.19,0.52,9.2,0
train0794,8.6,0.38,0.36,3,0.081,30,119,0.997,3.2,0.56,9.4,0
train0795,8,0.64,0.22,2.4,0.094,5,33,0.99612,3.37,0.58,11,0
train0796,6.4,0.36,0.21,2.2,0.047,26,48,0.99661,3.47,0.77,9.7,1
train0797,6.7,0.54,0.13,2,0.076,15,36,0.9973,3.61,0.64,9.8,0
train0798,11.1,0.18,0.48,1.5,0.068,7,15,0.9973,3.22,0.64,10.1,1
train0799,7.1,0.35,0.29,2.5,0.096,20,53,0.9962,3.42,0.65,11,1
train0800,7.8,0.91,0.07,1.9,0.058,22,47,0.99525,3.51,0.43,10.7,1
train0801,7.9,0.54,0.34,2.5,0.076,8,17,0.99235,3.2,0.72,13.1,1
train0802,6.5,0.53,0.06,2,0.063,29,44,0.99489,3.38,0.83,10.3,1
train0803,6.3,0.39,0.08,1.7,0.066,3,20,0.9954,3.34,0.58,9.4,0
train0804,8.6,0.725,0.24,6.6,0.117,31,134,1.0014,3.32,1.07,9.3,0
train0805,7.3,0.4,0.3,1.7,0.08,33,79,0.9969,3.41,0.65,9.5,1
train0806,7.2,0.63,0.03,2.2,0.08,17,88,0.99745,3.53,0.58,9.8,1
train0807,6.9,0.55,0.15,2.2,0.076,19,40,0.9961,3.41,0.59,10.1,0
train0808,11.6,0.41,0.54,1.5,0.095,22,41,0.99735,3.02,0.76,9.9,1
train0809,7.1,0.59,0,2.2,0.078,26,44,0.99522,3.42,0.68,10.8,1
train0810,8.8,0.55,0.04,2.2,0.119,14,56,0.9962,3.21,0.6,10.9,1
train0811,7.8,0.56,0.19,1.8,0.104,12,47,0.9964,3.19,0.93,9.5,0
train0812,9.7,0.53,0.6,2,0.039,5,19,0.99585,3.3,0.86,12.4,1
train0813,6.9,1.09,0.06,2.1,0.061,12,31,0.9948,3.51,0.43,11.4,0
train0814,10.3,0.41,0.42,2.4,0.213,6,14,0.9994,3.19,0.62,9.5,1
train0815,7.1,0.43,0.42,5.5,0.07,29,129,0.9973,3.42,0.72,10.5,0
train0816,7.5,0.4,0.18,1.6,0.079,24,58,0.9965,3.34,0.58,9.4,0
train0817,12.2,0.34,0.5,2.4,0.066,10,21,1,3.12,1.18,9.2,1
train0818,8.7,0.31,0.46,1.4,0.059,11,25,0.9966,3.36,0.76,10.1,1
train0819,7.4,0.785,0.19,5.2,0.094,19,98,0.99713,3.16,0.52,9.6,1
train0820,7.2,0.61,0.08,4,0.082,26,108,0.99641,3.25,0.51,9.4,0
train0821,8.9,0.29,0.35,1.9,0.067,25,57,0.997,3.18,1.36,10.3,1
train0822,6.5,0.46,0.14,2.4,0.114,9,37,0.99732,3.66,0.65,9.8,0
train0823,7,0.65,0.02,2.1,0.066,8,25,0.9972,3.47,0.67,9.5,1
train0824,6.8,0.81,0.05,2,0.07,6,14,0.99562,3.51,0.66,10.8,1
train0825,6.4,0.53,0.09,3.9,0.123,14,31,0.9968,3.5,0.67,11,0
train0826,7.1,0.685,0.35,2,0.088,9,92,0.9963,3.28,0.62,9.4,0
train0827,10,0.29,0.4,2.9,0.098,10,26,1.0006,3.48,0.91,9.7,0
train0828,7.6,0.52,0.12,3,0.067,12,53,0.9971,3.36,0.57,9.1,0
train0829,7.3,0.51,0.18,2.1,0.07,12,28,0.99768,3.52,0.73,9.5,1
train0830,9.6,0.77,0.12,2.9,0.082,30,74,0.99865,3.3,0.64,10.4,1
train0831,11.4,0.26,0.44,3.6,0.071,6,19,0.9986,3.12,0.82,9.3,1
train0832,7.4,0.36,0.29,2.6,0.087,26,72,0.99645,3.39,0.68,11,0
train0833,11.5,0.59,0.59,2.6,0.087,13,49,0.9988,3.18,0.65,11,1
train0834,8.8,0.59,0.18,2.9,0.089,12,74,0.99738,3.14,0.54,9.4,0
train0835,11.3,0.36,0.66,2.4,0.123,3,8,0.99642,3.2,0.53,11.9,1
train0836,7.9,0.66,0,1.4,0.096,6,13,0.99569,3.43,0.58,9.5,0
train0837,12.8,0.3,0.74,2.6,0.095,9,28,0.9994,3.2,0.77,10.8,1
train0838,7.5,0.61,0.26,1.9,0.073,24,88,0.99612,3.3,0.53,9.8,0
train0839,5.6,0.31,0.78,13.9,0.074,23,92,0.99677,3.39,0.48,10.5,1
train0840,11.5,0.31,0.51,2.2,0.079,14,28,0.9982,3.03,0.93,9.8,1
train0841,5.1,0.585,0,1.7,0.044,14,86,0.99264,3.56,0.94,12.9,1
train0842,7.3,0.34,0.33,2.5,0.064,21,37,0.9952,3.35,0.77,12.1,1
train0843,7.4,0.67,0.12,1.6,0.186,5,21,0.996,3.39,0.54,9.5,0
train0844,10.6,1.025,0.43,2.8,0.08,21,84,0.9985,3.06,0.57,10.1,0
train0845,5,0.4,0.5,4.3,0.046,29,80,0.9902,3.49,0.66,13.6,1
train0846,7.5,0.51,0.02,1.7,0.084,13,31,0.99538,3.36,0.54,10.5,1
train0847,9.5,0.86,0.26,1.9,0.079,13,28,0.99712,3.25,0.62,10,0
train0848,5.2,0.34,0,1.8,0.05,27,63,0.9916,3.68,0.79,14,1
train0849,8,0.6,0.22,2.1,0.08,25,105,0.99613,3.3,0.49,9.9,0
train0850,7.5,0.38,0.57,2.3,0.106,5,12,0.99605,3.36,0.55,11.4,1
train0851,8,0.57,0.23,3.2,0.073,17,119,0.99675,3.26,0.57,9.3,0
train0852,8.4,0.56,0.04,2,0.082,10,22,0.9976,3.22,0.44,9.6,0
train0853,7.4,0.7,0,1.9,0.076,11,34,0.9978,3.51,0.56,9.4,0
train0854,7,0.36,0.21,2.3,0.086,20,65,0.99558,3.4,0.54,10.1,1
train0855,11.5,0.41,0.52,3,0.08,29,55,1.0001,3.26,0.88,11,0
train0856,8,0.52,0.03,1.7,0.07,10,35,0.99575,3.34,0.57,10,0
train0857,11.2,0.4,0.5,2,0.099,19,50,0.99783,3.1,0.58,10.4,0
train0858,7.3,0.51,0.18,2.1,0.07,12,28,0.99768,3.52,0.73,9.5,1
train0859,7.2,0.49,0.18,2.7,0.069,13,34,0.9967,3.29,0.48,9.2,1
train0860,7.7,0.775,0.42,1.9,0.092,8,86,0.9959,3.23,0.59,9.5,0
train0861,10.4,0.43,0.5,2.3,0.068,13,19,0.996,3.1,0.87,11.4,1
train0862,7.4,0.52,0.13,2.4,0.078,34,61,0.99528,3.43,0.59,10.8,1
train0863,7.8,0.58,0.13,2.1,0.102,17,36,0.9944,3.24,0.53,11.2,1
train0864,15.5,0.645,0.49,4.2,0.095,10,23,1.00315,2.92,0.74,11.1,0
train0865,8.5,0.4,0.4,6.3,0.05,3,10,0.99566,3.28,0.56,12,0
train0866,7.3,0.43,0.24,2.5,0.078,27,67,0.99648,3.6,0.59,11.1,1
train0867,8.9,0.59,0.39,2.3,0.095,5,22,0.9986,3.37,0.58,10.3,0
train0868,9.1,0.22,0.24,2.1,0.078,1,28,0.999,3.41,0.87,10.3,1
train0869,5.8,0.29,0.26,1.7,0.063,3,11,0.9915,3.39,0.54,13.5,1
train0870,7.9,0.24,0.4,1.6,0.056,11,25,0.9967,3.32,0.87,8.7,1
train0871,5.2,0.645,0,2.15,0.08,15,28,0.99444,3.78,0.61,12.5,1
train0872,9.1,0.45,0.35,2.4,0.08,23,78,0.9987,3.38,0.62,9.5,0
train0873,7.2,0.62,0.06,2.5,0.078,17,84,0.99746,3.51,0.53,9.7,0
train0874,12.4,0.42,0.49,4.6,0.073,19,43,0.9978,3.02,0.61,9.5,0
train0875,7.3,0.55,0.01,1.8,0.093,9,15,0.99514,3.35,0.58,11,1
train0876,7.7,0.23,0.37,1.8,0.046,23,60,0.9971,3.41,0.71,12.1,1
train0877,6.2,0.51,0.14,1.9,0.056,15,34,0.99396,3.48,0.57,11.5,1
train0878,5.2,0.34,0,1.8,0.05,27,63,0.9916,3.68,0.79,14,1
train0879,8,0.705,0.05,1.9,0.074,8,19,0.9962,3.34,0.95,10.5,1
train0880,12.9,0.5,0.55,2.8,0.072,7,24,1.00012,3.09,0.68,10.9,1
train0881,9.1,0.21,0.37,1.6,0.067,6,10,0.99552,3.23,0.58,11.1,1
train0882,7.2,0.6,0.04,2.5,0.076,18,88,0.99745,3.53,0.55,9.5,0
train0883,8.6,0.315,0.4,2.2,0.079,3,6,0.99512,3.27,0.67,11.9,1
train0884,7.5,0.705,0.24,1.8,0.36,15,63,0.9964,3,1.59,9.5,0
train0885,6.8,0.41,0.31,8.8,0.084,26,45,0.99824,3.38,0.64,10.1,1
train0886,5.9,0.645,0.12,2,0.075,32,44,0.99547,3.57,0.71,10.2,0
train0887,8.4,0.665,0.61,2,0.112,13,95,0.997,3.16,0.54,9.1,0
train0888,8,0.31,0.45,2.1,0.216,5,16,0.99358,3.15,0.81,12.5,1
train0889,9.7,0.295,0.4,1.5,0.073,14,21,0.99556,3.14,0.51,10.9,1
train0890,7.7,0.39,0.12,1.7,0.097,19,27,0.99596,3.16,0.49,9.4,0
train0891,10.9,0.32,0.52,1.8,0.132,17,44,0.99734,3.28,0.77,11.5,1
train0892,7.1,0.755,0.15,1.8,0.107,20,84,0.99593,3.19,0.5,9.5,0
train0893,8.1,0.73,0,2.5,0.081,12,24,0.99798,3.38,0.46,9.6,0
train0894,6.6,0.5,0.04,2.1,0.068,6,14,0.9955,3.39,0.64,9.4,1
train0895,6.6,0.725,0.2,7.8,0.073,29,79,0.9977,3.29,0.54,9.2,0
train0896,9.2,0.43,0.52,2.3,0.083,14,23,0.9976,3.35,0.61,11.3,1
train0897,9.2,0.53,0.24,2.6,0.078,28,139,0.99788,3.21,0.57,9.5,0
train0898,6.5,0.67,0,4.3,0.057,11,20,0.99488,3.45,0.56,11.8,0
train0899,11.5,0.42,0.48,2.6,0.077,8,20,0.99852,3.09,0.53,11,0
train0900,7.6,0.55,0.21,2.2,0.071,7,28,0.9964,3.28,0.55,9.7,0
train0901,7.1,0.84,0.02,4.4,0.096,5,13,0.997,3.41,0.57,11,0
train0902,7.4,0.68,0.16,1.8,0.078,12,39,0.9977,3.5,0.7,9.9,1
train0903,6.8,0.57,0,2.5,0.072,32,64,0.99491,3.43,0.56,11.2,1
train0904,9.5,0.885,0.27,2.3,0.084,31,145,0.9978,3.24,0.53,9.4,0
train0905,8.1,0.66,0.7,2.2,0.098,25,129,0.9972,3.08,0.53,9,0
train0906,7.3,0.365,0.49,2.5,0.088,39,106,0.9966,3.36,0.78,11,0
train0907,6.3,1.02,0,2,0.083,17,24,0.99437,3.59,0.55,11.2,0
train0908,6.7,0.56,0.09,2.9,0.079,7,22,0.99669,3.46,0.61,10.2,0
train0909,7.1,0.59,0.01,2.5,0.077,20,85,0.99746,3.55,0.59,9.8,0
train0910,7.4,0.55,0.19,1.8,0.082,15,34,0.99655,3.49,0.68,10.5,0
train0911,7.4,0.58,0,2,0.064,7,11,0.99562,3.45,0.58,11.3,1
train0912,6.8,0.36,0.32,1.8,0.067,4,8,0.9928,3.36,0.55,12.8,1
train0913,9.6,0.54,0.42,2.4,0.081,25,52,0.997,3.2,0.71,11.4,1
train0914,10.2,0.67,0.39,1.9,0.054,6,17,0.9976,3.17,0.47,10,0
train0915,6.5,0.88,0.03,5.6,0.079,23,47,0.99572,3.58,0.5,11.2,0
train0916,11.1,0.31,0.53,2.2,0.06,3,10,0.99572,3.02,0.83,10.9,1
train0917,6.4,0.39,0.33,3.3,0.046,12,53,0.99294,3.36,0.62,12.2,1
train0918,11.9,0.38,0.51,2,0.121,7,20,0.9996,3.24,0.76,10.4,1
train0919,6,0.51,0,2.1,0.064,40,54,0.995,3.54,0.93,10.7,1
train0920,7.1,0.875,0.05,5.7,0.082,3,14,0.99808,3.4,0.52,10.2,0
train0921,6.6,0.5,0.01,1.5,0.06,17,26,0.9952,3.4,0.58,9.8,1
train0922,10.4,0.575,0.61,2.6,0.076,11,24,1,3.16,0.69,9,0
train0923,7.2,0.36,0.46,2.1,0.074,24,44,0.99534,3.4,0.85,11,1
train0924,8.5,0.46,0.31,2.25,0.078,32,58,0.998,3.33,0.54,9.8,0
train0925,9.4,0.4,0.47,2.5,0.087,6,20,0.99772,3.15,0.5,10.5,0
train0926,8.8,0.61,0.14,2.4,0.067,10,42,0.9969,3.19,0.59,9.5,0
train0927,7.1,0.39,0.12,2.1,0.065,14,24,0.99252,3.3,0.53,13.3,1
train0928,7.4,0.59,0.08,4.4,0.086,6,29,0.9974,3.38,0.5,9,0
train0929,7.2,0.66,0.03,2.3,0.078,16,86,0.99743,3.53,0.57,9.7,0
train0930,7.6,0.4,0.29,1.9,0.078,29,66,0.9971,3.45,0.59,9.5,1
train0931,7.4,1.185,0,4.25,0.097,5,14,0.9966,3.63,0.54,10.7,0
train0932,7.3,0.39,0.31,2.4,0.074,9,46,0.9962,3.41,0.54,9.4,1
train0933,7.3,0.48,0.32,2.1,0.062,31,54,0.99728,3.3,0.65,10,1
train0934,9.1,0.29,0.33,2.05,0.063,13,27,0.99516,3.26,0.84,11.7,1
train0935,8.6,0.52,0.38,1.5,0.096,5,18,0.99666,3.2,0.52,9.4,0
train0936,7.9,0.69,0.21,2.1,0.08,33,141,0.9962,3.25,0.51,9.9,0
train0937,7.2,0.25,0.37,2.5,0.063,11,41,0.99439,3.52,0.8,12.4,1
train0938,7.6,0.36,0.31,1.7,0.079,26,65,0.99716,3.46,0.62,9.5,1
train0939,10.9,0.39,0.47,1.8,0.118,6,14,0.9982,3.3,0.75,9.8,1
train0940,8.7,0.84,0,1.4,0.065,24,33,0.9954,3.27,0.55,9.7,0
train0941,11.6,0.47,0.44,1.6,0.147,36,51,0.99836,3.38,0.86,9.9,0
train0942,8.2,0.39,0.49,2.3,0.099,47,133,0.9979,3.38,0.99,9.8,0
train0943,8.7,0.42,0.45,2.4,0.072,32,59,0.99617,3.33,0.77,12,1
train0944,8.6,0.8,0.11,2.3,0.084,12,31,0.9979,3.4,0.48,9.9,0
train0945,7.6,0.645,0.03,1.9,0.086,14,57,0.9969,3.37,0.46,10.3,0
train0946,10.3,0.27,0.56,1.4,0.047,3,8,0.99471,3.16,0.51,11.8,1
train0947,9,0.45,0.49,2.6,0.084,21,75,0.9987,3.35,0.57,9.7,0
train0948,6.8,0.64,0.1,2.1,0.085,18,101,0.9956,3.34,0.52,10.2,0
train0949,6.9,0.49,0.19,1.7,0.079,13,26,0.99547,3.38,0.64,9.8,1
train0950,6.8,0.64,0.03,2.3,0.075,14,31,0.99545,3.36,0.58,10.4,1
train0951,7.5,0.4,0.12,3,0.092,29,53,0.9967,3.37,0.7,10.3,1
train0952,7.1,0.69,0.08,2.1,0.063,42,52,0.99608,3.42,0.6,10.2,1
train0953,12,0.39,0.66,3,0.093,12,30,0.9996,3.18,0.63,10.8,1
train0954,12.5,0.46,0.63,2,0.071,6,15,0.9988,2.99,0.87,10.2,0
train0955,8.7,0.63,0.28,2.7,0.096,17,69,0.99734,3.26,0.63,10.2,1
train0956,7.5,0.41,0.15,3.7,0.104,29,94,0.99786,3.14,0.58,9.1,0
train0957,7.2,0.695,0.13,2,0.076,12,20,0.99546,3.29,0.54,10.1,0
train0958,6.9,0.57,0,2.8,0.081,21,41,0.99518,3.41,0.52,10.8,0
train0959,8.3,0.6,0.13,2.6,0.085,6,24,0.9984,3.31,0.59,9.2,1
train0960,6.8,0.56,0.22,1.8,0.074,15,24,0.99438,3.4,0.82,11.2,1
train0961,7.2,0.62,0.06,2.7,0.077,15,85,0.99746,3.51,0.54,9.5,0
train0962,8.7,0.765,0.22,2.3,0.064,9,42,0.9963,3.1,0.55,9.4,0
train0963,7.8,0.645,0,2,0.082,8,16,0.9964,3.38,0.59,9.8,1
train0964,8.6,0.63,0.17,2.9,0.099,21,119,0.998,3.09,0.52,9.3,0
train0965,8.2,0.34,0.37,1.9,0.057,43,74,0.99408,3.23,0.81,12,1
train0966,8.6,0.47,0.47,2.4,0.074,7,29,0.9979,3.08,0.46,9.5,0
train0967,6.8,0.64,0,2.7,0.123,15,33,0.99538,3.44,0.63,11.3,1
train0968,12,0.37,0.76,4.2,0.066,7,38,1.0004,3.22,0.6,13,1
train0969,7.6,0.54,0.13,2.5,0.097,24,66,0.99785,3.39,0.61,9.4,0
train0970,6.6,0.725,0.09,5.5,0.117,9,17,0.99655,3.35,0.49,10.8,1
train0971,6.7,0.16,0.64,2.1,0.059,24,52,0.99494,3.34,0.71,11.2,1
train0972,8.8,0.27,0.46,2.1,0.095,20,29,0.99488,3.26,0.56,11.3,1
train0973,8.5,0.47,0.27,1.9,0.058,18,38,0.99518,3.16,0.85,11.1,1
train0974,8.5,0.32,0.42,2.3,0.075,12,19,0.99434,3.14,0.71,11.8,1
train0975,11.8,0.33,0.49,3.4,0.093,54,80,1.0002,3.3,0.76,10.7,1
train0976,7.5,0.63,0.27,2,0.083,17,91,0.99616,3.26,0.58,9.8,1
train0977,5.2,0.32,0.25,1.8,0.103,13,50,0.9957,3.38,0.55,9.2,0
train0978,7.8,0.5,0.12,1.8,0.178,6,21,0.996,3.28,0.87,9.8,1
train0979,6.6,0.855,0.02,2.4,0.062,15,23,0.99627,3.54,0.6,11,1
train0980,6.5,0.53,0.06,2,0.063,29,44,0.99489,3.38,0.83,10.3,1
train0981,6.1,0.32,0.25,1.8,0.086,5,32,0.99464,3.36,0.44,10.1,0
train0982,7.2,0.37,0.32,2,0.062,15,28,0.9947,3.23,0.73,11.3,1
train0983,7.7,0.18,0.34,2.7,0.066,15,58,0.9947,3.37,0.78,11.8,1
train0984,10.1,0.31,0.44,2.3,0.08,22,46,0.9988,3.32,0.67,9.7,1
train0985,8.1,0.87,0,2.2,0.084,10,31,0.99656,3.25,0.5,9.8,0
train0986,11.5,0.18,0.51,4,0.104,4,23,0.9996,3.28,0.97,10.1,1
train0987,7.6,0.3,0.42,2,0.052,6,24,0.9963,3.44,0.82,11.9,1
train0988,8,0.71,0,2.6,0.08,11,34,0.9976,3.44,0.53,9.5,0
train0989,10,0.31,0.47,2.6,0.085,14,33,0.99965,3.36,0.8,10.5,1
train0990,8,0.59,0.05,2,0.089,12,32,0.99735,3.36,0.61,10,0
train0991,7.6,0.68,0.02,1.3,0.072,9,20,0.9965,3.17,1.08,9.2,0
train0992,9.1,0.4,0.57,4.6,0.08,6,20,0.99652,3.28,0.57,12.5,1
train0993,9.1,0.36,0.39,1.8,0.06,21,55,0.99495,3.18,0.82,11,1
train0994,6.4,0.37,0.25,1.9,0.074,21,49,0.9974,3.57,0.62,9.8,1
train0995,6.6,0.815,0.02,2.7,0.072,17,34,0.9955,3.58,0.89,12.3,1
train0996,6.1,0.32,0.25,2.3,0.071,23,58,0.99633,3.42,0.97,10.6,0
train0997,8,0.62,0.35,2.8,0.086,28,52,0.997,3.31,0.62,10.8,0
train0998,7.1,0.43,0.17,1.8,0.082,27,51,0.99634,3.49,0.64,10.4,0
train0999,7.4,0.6,0.26,2.1,0.083,17,91,0.99616,3.29,0.56,9.8,1
train1000,7.2,0.41,0.3,2.1,0.083,35,72,0.997,3.44,0.52,9.4,0
train1001,7.2,0.54,0.27,2.6,0.084,12,78,0.9964,3.39,0.71,11,0
train1002,7.2,0.34,0.21,2.5,0.075,41,68,0.99586,3.37,0.54,10.1,1
train1003,6.1,0.58,0.23,2.5,0.044,16,70,0.99352,3.46,0.65,12.5,1
train1004,8.2,0.28,0.6,3,0.104,10,22,0.99828,3.39,0.68,10.6,0
train1005,7.7,0.62,0.04,3.8,0.084,25,45,0.9978,3.34,0.53,9.5,0
train1006,6.1,0.48,0.09,1.7,0.078,18,30,0.99402,3.45,0.54,11.2,1
train1007,7.1,0.43,0.17,1.8,0.082,27,51,0.99634,3.49,0.64,10.4,0
train1008,9.5,0.39,0.41,8.9,0.069,18,39,0.99859,3.29,0.81,10.9,1
train1009,6.9,0.4,0.24,2.5,0.083,30,45,0.9959,3.26,0.58,10,0
train1010,9.1,0.68,0.11,2.8,0.093,11,44,0.99888,3.31,0.55,9.5,1
train1011,7.2,0.48,0.07,5.5,0.089,10,18,0.99684,3.37,0.68,11.2,1
train1012,12.8,0.84,0.63,2.4,0.088,13,35,0.9997,3.1,0.6,10.4,1
train1013,11.9,0.58,0.66,2.5,0.072,6,37,0.9992,3.05,0.56,10,0
train1014,8.8,0.41,0.64,2.2,0.093,9,42,0.9986,3.54,0.66,10.5,0
train1015,7.2,0.35,0.26,1.8,0.083,33,75,0.9968,3.4,0.58,9.5,1
train1016,10.6,0.36,0.59,2.2,0.152,6,18,0.9986,3.04,1.05,9.4,0
train1017,7.9,1.04,0.05,2.2,0.084,13,29,0.9959,3.22,0.55,9.9,1
train1018,7.6,0.5,0.29,2.3,0.086,5,14,0.99502,3.32,0.62,11.5,1
train1019,6.1,0.32,0.25,2.3,0.071,23,58,0.99633,3.42,0.97,10.6,0
train1020,14.3,0.31,0.74,1.8,0.075,6,15,1.0008,2.86,0.79,8.4,1
train1021,7.8,0.56,0.19,1.8,0.104,12,47,0.9964,3.19,0.93,9.5,0
train1022,10,0.44,0.49,2.7,0.077,11,19,0.9963,3.23,0.63,11.6,1
train1023,7,0.6,0.3,4.5,0.068,20,110,0.99914,3.3,1.17,10.2,0
train1024,12.3,0.39,0.63,2.3,0.091,6,18,1.0004,3.16,0.49,9.5,0
train1025,7.4,0.49,0.27,2.1,0.071,14,25,0.99388,3.35,0.63,12,1
train1026,8.8,0.61,0.19,4,0.094,30,69,0.99787,3.22,0.5,10,1
train1027,10.3,0.53,0.48,2.5,0.063,6,25,0.9998,3.12,0.59,9.3,1
train1028,8.5,0.66,0.2,2.1,0.097,23,113,0.99733,3.13,0.48,9.2,0
train1029,7.7,0.58,0.01,1.8,0.088,12,18,0.99568,3.32,0.56,10.5,1
train1030,7.6,0.55,0.21,2.2,0.071,7,28,0.9964,3.28,0.55,9.7,0
train1031,6.1,0.64,0.02,2.4,0.069,26,46,0.99358,3.47,0.45,11,0
train1032,8.1,0.82,0,4.1,0.095,5,14,0.99854,3.36,0.53,9.6,0
train1033,7.8,0.88,0,2.6,0.098,25,67,0.9968,3.2,0.68,9.8,0
train1034,10.3,0.44,0.5,4.5,0.107,5,13,0.998,3.28,0.83,11.5,0
train1035,7.4,0.64,0.07,1.8,0.1,8,23,0.9961,3.3,0.58,9.6,0
train1036,9.1,0.64,0.23,3.1,0.095,13,38,0.9998,3.28,0.59,9.7,0
train1037,10.9,0.37,0.58,4,0.071,17,65,0.99935,3.22,0.78,10.1,0
train1038,13.4,0.27,0.62,2.6,0.082,6,21,1.0002,3.16,0.67,9.7,1
train1039,7.3,0.67,0.02,2.2,0.072,31,92,0.99566,3.32,0.68,11.1,1
train1040,7.3,0.55,0.03,1.6,0.072,17,42,0.9956,3.37,0.48,9,0
train1041,8.4,0.67,0.19,2.2,0.093,11,75,0.99736,3.2,0.59,9.2,0
train1042,8.4,1.035,0.15,6,0.073,11,54,0.999,3.37,0.49,9.9,0
train1043,8.1,0.78,0.23,2.6,0.059,5,15,0.997,3.37,0.56,11.3,0
train1044,7.8,0.55,0.35,2.2,0.074,21,66,0.9974,3.25,0.56,9.2,0
train1045,5.8,0.61,0.11,1.8,0.066,18,28,0.99483,3.55,0.66,10.9,1
train1046,10.7,0.4,0.37,1.9,0.081,17,29,0.99674,3.12,0.65,11.2,1
train1047,8.4,0.39,0.1,1.7,0.075,6,25,0.99581,3.09,0.43,9.7,1
train1048,8.4,0.29,0.4,1.7,0.067,8,20,0.99603,3.39,0.6,10.5,0
train1049,5,1.04,0.24,1.6,0.05,32,96,0.9934,3.74,0.62,11.5,0
train1050,10.7,0.52,0.38,2.6,0.066,29,56,0.99577,3.15,0.79,12.1,1
train1051,7.5,0.6,0.03,1.8,0.095,25,99,0.995,3.35,0.54,10.1,0
train1052,9.8,1.24,0.34,2,0.079,32,151,0.998,3.15,0.53,9.5,0
train1053,6.9,0.58,0.2,1.75,0.058,8,22,0.99322,3.38,0.49,11.7,0
train1054,6.6,0.84,0.03,2.3,0.059,32,48,0.9952,3.52,0.56,12.3,1
train1055,8.2,0.34,0.38,2.5,0.08,12,57,0.9978,3.3,0.47,9,1
train1056,7.4,0.62,0.05,1.9,0.068,24,42,0.9961,3.42,0.57,11.5,1
train1057,9.3,0.655,0.26,2,0.096,5,35,0.99738,3.25,0.42,9.6,0
train1058,7.7,0.915,0.12,2.2,0.143,7,23,0.9964,3.35,0.65,10.2,1
train1059,7.8,0.6,0.14,2.4,0.086,3,15,0.9975,3.42,0.6,10.8,1
train1060,8.5,0.37,0.32,1.8,0.066,26,51,0.99456,3.38,0.72,11.8,1
train1061,6.5,0.46,0.14,2.4,0.114,9,37,0.99732,3.66,0.65,9.8,0
train1062,9.2,0.31,0.36,2.2,0.079,11,31,0.99615,3.33,0.86,12,1
train1063,6.6,0.63,0,4.3,0.093,51,77.5,0.99558,3.2,0.45,9.5,0
train1064,13.7,0.415,0.68,2.9,0.085,17,43,1.0014,3.06,0.8,10,1
train1065,7.6,1.58,0,2.1,0.137,5,9,0.99476,3.5,0.4,10.9,0
train1066,8.2,0.42,0.49,2.6,0.084,32,55,0.9988,3.34,0.75,8.7,1
train1067,7.6,0.48,0.31,2.8,0.07,4,15,0.99693,3.22,0.55,10.3,1
train1068,7.8,0.34,0.37,2,0.082,24,58,0.9964,3.34,0.59,9.4,1
train1069,8.3,0.49,0.36,1.8,0.222,6,16,0.998,3.18,0.6,9.5,1
train1070,9.1,0.785,0,2.6,0.093,11,28,0.9994,3.36,0.86,9.4,1
train1071,7.1,0.27,0.6,2.1,0.074,17,25,0.99814,3.38,0.72,10.6,1
train1072,7.5,0.42,0.32,2.7,0.067,7,25,0.99628,3.24,0.44,10.4,0
train1073,8.3,0.31,0.39,2.4,0.078,17,43,0.99444,3.31,0.77,12.5,1
train1074,10.2,0.645,0.36,1.8,0.053,5,14,0.9982,3.17,0.42,10,1
train1075,9.9,0.54,0.45,2.3,0.071,16,40,0.9991,3.39,0.62,9.4,0
train1076,6.4,0.57,0.02,1.8,0.067,4,11,0.997,3.46,0.68,9.5,0
train1077,7.2,0.39,0.32,1.8,0.065,34,60,0.99714,3.46,0.78,9.9,0
train1078,10.5,0.51,0.64,2.4,0.107,6,15,0.9973,3.09,0.66,11.8,1
train1079,6.2,0.45,0.2,1.6,0.069,3,15,0.9958,3.41,0.56,9.2,0
train1080,6.5,0.58,0,2.2,0.096,3,13,0.99557,3.62,0.62,11.5,0
train1081,11.2,0.66,0.24,2.5,0.085,16,53,0.9993,3.06,0.72,11,1
train1082,10.6,0.48,0.64,2.2,0.111,6,20,0.997,3.26,0.66,11.7,1
train1083,6.8,0.815,0,1.2,0.267,16,29,0.99471,3.32,0.51,9.8,0
train1084,8.1,0.53,0.22,2.2,0.078,33,89,0.99678,3.26,0.46,9.6,1
train1085,8.8,0.24,0.35,1.7,0.055,13,27,0.99394,3.14,0.59,11.3,1
train1086,6.1,0.53,0.08,1.9,0.077,24,45,0.99528,3.6,0.68,10.3,1
train1087,6.2,0.52,0.08,4.4,0.071,11,32,0.99646,3.56,0.63,11.6,1
train1088,9.4,0.41,0.48,4.6,0.072,10,20,0.9973,3.34,0.79,12.2,1
train1089,10.5,0.36,0.47,2.2,0.074,9,23,0.99638,3.23,0.76,12,1
train1090,6.8,0.63,0.07,2.1,0.089,11,44,0.9953,3.47,0.55,10.4,1
train1091,6.9,0.685,0,2.5,0.105,22,37,0.9966,3.46,0.57,10.6,1
train1092,6.8,0.61,0.2,1.8,0.077,11,65,0.9971,3.54,0.58,9.3,0
train1093,11.4,0.625,0.66,6.2,0.088,6,24,0.9988,3.11,0.99,13.3,1
train1094,6,0.5,0.04,2.2,0.092,13,26,0.99647,3.46,0.47,10,0
train1095,10,0.32,0.59,2.2,0.077,3,15,0.9994,3.2,0.78,9.6,0
train1096,9.8,0.66,0.39,3.2,0.083,21,59,0.9989,3.37,0.71,11.5,1
train1097,9.3,0.655,0.26,2,0.096,5,35,0.99738,3.25,0.42,9.6,0
train1098,7.7,0.965,0.1,2.1,0.112,11,22,0.9963,3.26,0.5,9.5,0
train1099,8.9,0.4,0.32,5.6,0.087,10,47,0.9991,3.38,0.77,10.5,1
train1100,9.6,0.68,0.24,2.2,0.087,5,28,0.9988,3.14,0.6,10.2,0
train1101,7.8,0.645,0,5.5,0.086,5,18,0.9986,3.4,0.55,9.6,1
train1102,7.8,0.63,0.48,1.7,0.1,14,96,0.9961,3.19,0.62,9.5,0
train1103,8.7,0.69,0.31,3,0.086,23,81,1.0002,3.48,0.74,11.6,1
train1104,6.8,0.6,0.18,1.9,0.079,18,86,0.9968,3.59,0.57,9.3,1
train1105,8.3,0.625,0.2,1.5,0.08,27,119,0.9972,3.16,1.12,9.1,0
train1106,9,0.45,0.49,2.6,0.084,21,75,0.9987,3.35,0.57,9.7,0
train1107,10.1,0.27,0.54,2.3,0.065,7,26,0.99531,3.17,0.53,12.5,1
train1108,6.1,0.4,0.16,1.8,0.069,11,25,0.9955,3.42,0.74,10.1,1
train1109,7.3,0.59,0.26,7.2,0.07,35,121,0.9981,3.37,0.49,9.4,0
train1110,7.6,0.43,0.4,2.7,0.082,6,11,0.99538,3.44,0.54,12.2,1
train1111,6.7,0.67,0.02,1.9,0.061,26,42,0.99489,3.39,0.82,10.9,1
train1112,6.8,0.36,0.32,1.8,0.067,4,8,0.9928,3.36,0.55,12.8,1
train1113,8.6,0.49,0.28,1.9,0.11,20,136,0.9972,2.93,1.95,9.9,1
train1114,9.6,0.38,0.42,1.9,0.071,5,13,0.99659,3.15,0.75,10.5,1
train1115,7.4,0.7,0,1.9,0.076,11,34,0.9978,3.51,0.56,9.4,0
train1116,6.9,0.63,0.02,1.9,0.078,18,30,0.99712,3.4,0.75,9.8,0
train1117,7.5,0.52,0.11,1.5,0.079,11,39,0.9968,3.42,0.58,9.6,0
train1118,8,0.33,0.53,2.5,0.091,18,80,0.9976,3.37,0.8,9.6,1
train1119,6.7,0.64,0.23,2.1,0.08,11,119,0.99538,3.36,0.7,10.9,0
